MasterObjectID,objectid,parentid,location,mining_district,identifier,additional_locations,objecttype_name,objectsubtype_name,author,maptype_name,title,description,date,type_name,format_id,source_name,identifier_name,language_name,rights_name,rights_link,display_name,object_location,image_small,image_thumb,subject
131,bea002,,Night Owl,Bloody Dick,001-02-01,,Map,Map,,Survey Map,"Survey Map of Silver Bow, Night Owl, and Baltic Claims in Beaverhead County","Survey Map of T9/10 South Range 14 West and Sections 32,33/ 4,5",,Image;StillImage,image/jpeg,MBMG Archives,mbmg217,en,In Copyright,https://rightsstatements.org/page/InC-EDU/1.0/?language=en,image,/objects/001_02_01_Beaverhead_Location_T9_10S_R14W_Silver_Bow_Night_Owl_Baltic.jpg,/objects/small/001_02_01_beaverhead_location_t9_10s_r14w_silver_bow_night_owl_baltic_sm.jpg,/objects/thumbs/001_02_01_beaverhead_location_t9_10s_r14w_silver_bow_night_owl_baltic_th.jpg,Underground Map; Abandoned
132,bea003,,Night Owl,Bloody Dick,001-02-02,,Map,Survey,Lloyd G. Gage,Survey Map,"Preliminary Plat Survey No. 9273 Map of Silver Bow, Night Owl, and Baltic Claims in Beaverhead County","Survey of Silver Bow, Baltic, and Night Owl Claims with lode lines",9/26/1911,Image;StillImage,image/jpeg,MBMG Archives,mbmg217,en,No Copyright,https://rightsstatements.org/page/NoC-US/1.0/?language=en,image,/objects/001_02_02_Beaverhead_Location_Survey_9273_Silver_Bow_Night_Owl_Baltic.jpg,/objects/small/001_02_02_beaverhead_location_survey_9273_silver_bow_night_owl_baltic_sm.jpg,/objects/thumbs/001_02_02_beaverhead_location_survey_9273_silver_bow_night_owl_baltic_th.jpg,Abandoned
133,bea004,,Saginaw,Saginaw,001-02-03,,Map,Survey,Robert F. Scott,Survey Map,Survey No. 9860 T7S R15 W Section 16 Saginaw Lode,Survey No. 9860 T7S R15 W Section 16 Saginaw Lode U.S Mineral Survey,12/13/1915,Image;StillImage,image/jpeg,MBMG Archives,mbmg217,en,No Copyright,https://rightsstatements.org/page/NoC-US/1.0/?language=en,image,/objects/001_02_03_Beaverhead_Location_Saginaw_Lode_Survey_9860_1915_Page_1.jpg,/objects/small/001_02_03_beaverhead_location_saginaw_lode_survey_9860_1915_page_1_sm.jpg,/objects/thumbs/001_02_03_beaverhead_location_saginaw_lode_survey_9860_1915_page_1_th.jpg,Survey Map; Abandoned
150,bea005,,Thistle,Argenta,001-02-04,,Map,Survey,Robert F. Scott,Survey Map,"Frac. T 7 S, R 15 W ","Survey of Saginaw, including Sections 9, 10, 15, 16 by the U.S. Mineral Monument No. 9860",12/12/1915,Image;StillImage,image/jpeg,MBMG Archives,mbmg217,en,No Copyright,https://rightsstatements.org/page/NoC-US/1.0/?language=en,image,/objects/001_02_04_Beaverhead_Location_Fract_T7S_R15W_US_Mineral_Monument_9860_R_F_Scott_1915.jpg,/objects/small/001_02_04_beaverhead_location_fract_t7s_r15w_us_mineral_monument_9860_r_f_scott_1915_sm.jpg,/objects/thumbs/001_02_04_beaverhead_location_fract_t7s_r15w_us_mineral_monument_9860_r_f_scott_1915_th.jpg,Abandoned
158,bea006,,Thistle,Argenta,,,Map,Survey,Robert F. Scott,Survey Map,"Survey No. 9860 U.S Mineral Monument Fract. T7 S, R15 W","Surveyed but not yet approved by the U.S. Mineral Surveyor of section 9, 10, and 15, 16",12/12/1915,Image;StillImage,image/jpeg,MBMG Archives,mbmg217,en,No Copyright,https://rightsstatements.org/page/NoC-US/1.0/?language=en,image,/objects/001_02_06_Beaverhead_Location_Plat_Survey_9847_E_J_Ripley_1917.jpg,/objects/small/001_02_06_beaverhead_location_plat_survey_9847_e_j_ripley_1917_sm.jpg,/objects/thumbs/001_02_06_beaverhead_location_plat_survey_9847_e_j_ripley_1917_th.jpg,Underground Map;Lode
49,bea001,,Idanha,Elkhorn,001-02-06,Boston No. 2; Aspen No. 2; Idanha No. 2; Red Top No. 2; Red Top; Idanha; Aspen; Boston; Grotto; Dubious; White Seal Fraction: Leap Year; Central,Map,Survey,Henry Gerharz,Survey Map,Mineral Survey 9847,"Mineral Survey of 9847 claims known as the Boston No. 2, Aspen No. 2, Idanha No. 2, Red Top No. 2, Red Top, Idanha, Aspen, Boston, Grotto, Dubious, White Seal Fraction, Leap Year, and Central Lodes",2/28/1917,Image;StillImage,image/jpeg,MBMG Archives,mbmg217,en,No Copyright,https://rightsstatements.org/page/NoC-US/1.0/?language=en,image,/objects/001_03_02_Beaverhead_Location_Carroll_Placer_Survey_4042_Melrose_District_T1S_R10W.jpg,/objects/small/001_03_02_beaverhead_location_carroll_placer_survey_4042_melrose_district_t1s_r10w_sm.jpg,/objects/thumbs/001_03_02_beaverhead_location_carroll_placer_survey_4042_melrose_district_t1s_r10w_th.jpg,Discovery; Mining; Claim Map; Location Map; Subsurface Map; Underground Map; Lode; Edgar J Strasburger; Henry Gerharz
620,bea038,,Carroll Placer,Quartz Hill; Melrose,,,Map,Survey,,Survey Map,Carroll Placer Survey ,"Survey No. 4042 with other properties listed over placer. Located in Melrose District at T1S, R10W and landmarks of a street and river.",,Image;StillImage,image/jpeg,MBMG Archives,mbmg217,en,In Copyright,https://rightsstatements.org/page/InC-EDU/1.0/?language=en,image,/objects/001_03_03_Beaverhead_Location_Carroll_Placer_Survey_4042.jpg,/objects/small/001_03_03_beaverhead_location_carroll_placer_survey_4042_sm.jpg,/objects/thumbs/001_03_03_beaverhead_location_carroll_placer_survey_4042_th.jpg,Abandoned
621,bea039,,Carroll Placer,Quartz Hill,,,Map,Survey,,Survey Map,Carroll Placer Survey Lat Long Notes,"Survey No. 4042 with extra longitudinal notes, properties over the placer with owner names.",,Image;StillImage,image/jpeg,MBMG Archives,mbmg217,en,In Copyright,https://rightsstatements.org/page/InC-EDU/1.0/?language=en,image,/objects/001_03_07_Beaverhead_Underground_Cross_Sec_North_Half_Proposed_Exploration_Hand_Mine_1955.jpg,/objects/small/001_03_07_beaverhead_underground_cross_sec_north_half_proposed_exploration_hand_mine_1955_sm.jpg,/objects/thumbs/001_03_07_beaverhead_underground_cross_sec_north_half_proposed_exploration_hand_mine_1955_th.jpg,Abandoned
288,bea007,,Hand Mine,Argenta,001-03-07,,Map,Map,,Cross Section,"North Half Plan Proposed Exploration at Hand Mine Dillon, Montana",Cross Section N54070 of Drill Holes submitted to DMEA,6/1/1955,Image;StillImage,image/jpeg,MBMG Archives,mbmg217,en,In Copyright,https://rightsstatements.org/page/InC-EDU/1.0/?language=en,image,/objects/001_03_08_Beaverhead_Hand_Mine_Geochem_Argenta_District_Surface_and_Underground_1969.jpg,/objects/small/001_03_08_beaverhead_hand_mine_geochem_argenta_district_surface_and_underground_1969_sm.jpg,/objects/thumbs/001_03_08_beaverhead_hand_mine_geochem_argenta_district_surface_and_underground_1969_th.jpg,Exploration;Cross Section;Abandoned;
289,bea008,,Hand Mine,Argenta,001-03-08,,Map,Map,,Geochemical Map,Hand Mine Geochem Map 1969,"Geochemical including Surface soil samples, rock samples, and underground rock samples focusing on lead, copper, and zinc",1/17/1969,Image;StillImage,image/jpeg,MBMG Archives,mbmg217,en,In Copyright,https://rightsstatements.org/page/InC-EDU/1.0/?language=en,image,/objects/001_03_09_Beaverhead_Assay_Underground_Composite_Producing_Structures_Hand_Mind_1966.jpg,/objects/small/001_03_09_beaverhead_assay_underground_composite_producing_structures_hand_mind_1966_sm.jpg,/objects/thumbs/001_03_09_beaverhead_assay_underground_composite_producing_structures_hand_mind_1966_th.jpg,Copper; Lead; Zinc;Sampling;Geochemical Map; Sample Map;Abandoned;
290,bea009,,Hand Mine,Argenta,001-03-09,,Map,Map,,Plan View Map,Composite Plan Map of Hand Mine,Showing producing structures and wall rock assays,1/1/1966,Image;StillImage,image/jpeg,MBMG Archives,mbmg217,en,In Copyright,https://rightsstatements.org/page/InC-EDU/1.0/?language=en,image,/objects/001_03_10_Maps_Assay_Mauldin_Mine_Argenta_B_Hand.jpg,/objects/small/001_03_10_maps_assay_mauldin_mine_argenta_b_hand_sm.jpg,/objects/thumbs/001_03_10_maps_assay_mauldin_mine_argenta_b_hand_th.jpg,Iron; Limestone;Planning;Assay Map; Composite Map; Underground Map;Abandoned; Lode;
291,bea010,,Hand Mine,Argenta,001-03-10,,Map,Assay,Bill Hand,Assay Map,Mauldin Mine with Analytic Results,Plotted relative to geology underground focusing on lead,,Image;StillImage,image/jpeg,MBMG Archives,mbmg217,en,In Copyright,https://rightsstatements.org/page/InC-EDU/1.0/?language=en,image,/objects/001_04_01_Beaverhead_Hand_Mine_Longitudinal_Section_4_Vein_1966.jpg,/objects/small/001_04_01_beaverhead_hand_mine_longitudinal_section_4_vein_1966_sm.jpg,/objects/thumbs/001_04_01_beaverhead_hand_mine_longitudinal_section_4_vein_1966_th.jpg,Lead;Assay Map; Underground Map;Abandoned;Bill Hand;
292,bea011,,Hand Mine,Argenta,001-04-01,,Map,Assay,,Cross Section Map,Longitudinal Section No. 4 Vein,Cross Section with assay on Hand Mine projected on vertical North-South plane,1/1/1966,Image;StillImage,image/jpeg,MBMG Archives,mbmg217,en,In Copyright,https://rightsstatements.org/page/InC-EDU/1.0/?language=en,image,/objects/001_04_02_Beaverhead_Hand_Mine_Longitudinal_Section_7_Vein_1966.jpg,/objects/small/001_04_02_beaverhead_hand_mine_longitudinal_section_7_vein_1966_sm.jpg,/objects/thumbs/001_04_02_beaverhead_hand_mine_longitudinal_section_7_vein_1966_th.jpg,Assay Map; Longitudinal Section; Underground Map;Abandoned;
293,bea012,,Hand Mine,Argenta,001-04-02,,Map,Map,,Longitudinal Section,Longitudinal Sectio No. 7 Vein,Hand Mine workings projected on vertical North-South plane looking East,1/1/1966,Image;StillImage,image/jpeg,MBMG Archives,mbmg217,en,In Copyright,https://rightsstatements.org/page/InC-EDU/1.0/?language=en,image,/objects/001_04_03_Beaverhead_Hand_Mine_Longitudinal_Section_11_Vein_1966.jpg,/objects/small/001_04_03_beaverhead_hand_mine_longitudinal_section_11_vein_1966_sm.jpg,/objects/thumbs/001_04_03_beaverhead_hand_mine_longitudinal_section_11_vein_1966_th.jpg,Copper; Gold; Lead; Silver; Zinc;Assay Map; Underground Map;Abandoned;
294,bea013,,Hand Mine,Argenta,001-04-03,,Map,Map,,Longitudinal Section,Longitudinal Section No. 11,Cross Section with assay on Hand Mine projected on vertical North-South plane looking east,1/1/1966,Image;StillImage,image/jpeg,MBMG Archives,mbmg217,en,In Copyright,https://rightsstatements.org/page/InC-EDU/1.0/?language=en,image,/objects/001_04_04_Beaverhead_Hand_Mine_Longitudinal_Section_15_Vein_1966.jpg,/objects/small/001_04_04_beaverhead_hand_mine_longitudinal_section_15_vein_1966_sm.jpg,/objects/thumbs/001_04_04_beaverhead_hand_mine_longitudinal_section_15_vein_1966_th.jpg,Copper; Gold; Lead; Silver; Zinc;Assay Map; Underground Map; Workings Map;Abandoned;
295,bea014,,Hand Mine,Argenta,001-04-04,,Map,Map,,Longitudinal Section,Longitudinal Section No. 15,Cross Section with assay on Hand Mine projected on vertical North-South plane looking east,1/1/1966,Image;StillImage,image/jpeg,MBMG Archives,mbmg217,en,In Copyright,https://rightsstatements.org/page/InC-EDU/1.0/?language=en,image,/objects/001_04_05_Beaverhead_Ajax_Mine_Survey_Ajax_District.jpg,/objects/small/001_04_05_beaverhead_ajax_mine_survey_ajax_district_sm.jpg,/objects/thumbs/001_04_05_beaverhead_ajax_mine_survey_ajax_district_th.jpg,Copper; Gold; Lead; Silver; Zinc;Assay Map; Underground Map; Workings Map;Abandoned;
296,bea015,,Ajax,Ajax,,,Map,Map,,Survey Map,Ajax Mine Ajax District Survey,"Survey of Ajax District showing the continental divide, Idaho border, Tripple J claim, Hattie and Erma, Edna and Edith, Ajax Lode, and Ajax Extension",,Image;StillImage,image/jpeg,MBMG Archives,mbmg217,en,In Copyright,https://rightsstatements.org/page/InC-EDU/1.0/?language=en,image,/objects/001_04_06_Beaverhead_Ajax_Mine_Underground_Ajax_District.jpg,/objects/small/001_04_06_beaverhead_ajax_mine_underground_ajax_district_sm.jpg,/objects/thumbs/001_04_06_beaverhead_ajax_mine_underground_ajax_district_th.jpg,Abandoned
297,bea016,,Ajax,Ajax,,,Map,Map,,Geochemical Map,Underground Geochemical Assay of Ajax Mine,Underground Geochemical Assay of Ajax Mine,,Image;StillImage,image/jpeg,MBMG Archives,mbmg217,en,In Copyright,https://rightsstatements.org/page/InC-EDU/1.0/?language=en,image,/objects/001_04_07_Beaverhead_Ajax_Mine_Underground_Level_583.jpg,/objects/small/001_04_07_beaverhead_ajax_mine_underground_level_583_sm.jpg,/objects/thumbs/001_04_07_beaverhead_ajax_mine_underground_level_583_th.jpg,Abandoned
298,bea017,,Ajax,Ajax,,,Map,Map,,Underground Map,Under Ground Level 583 Ajax Mine,Under Ground Level 583 Ajax Mine,,Image;StillImage,image/jpeg,MBMG Archives,mbmg217,en,In Copyright,https://rightsstatements.org/page/InC-EDU/1.0/?language=en,image,/objects/001_04_08_Beaverhead_Ajax_Mine_Underground_Elevation_6105.jpg,/objects/small/001_04_08_beaverhead_ajax_mine_underground_elevation_6105_sm.jpg,/objects/thumbs/001_04_08_beaverhead_ajax_mine_underground_elevation_6105_th.jpg,Abandoned
461,bea018,,Ajax,Ajax,,,Map,Map,,Underground Map,Underground Elevation 6105.5 Ajax Mine,Underground Elevation 6105.5 to 6107.9 Ajax Mine,,Image;StillImage,image/jpeg,MBMG Archives,mbmg217,en,In Copyright,https://rightsstatements.org/page/InC-EDU/1.0/?language=en,image,/objects/001_04_09_Beaverhead_Ajax_Mine_Underground_Elevation_6497.jpg,/objects/small/001_04_09_beaverhead_ajax_mine_underground_elevation_6497_sm.jpg,/objects/thumbs/001_04_09_beaverhead_ajax_mine_underground_elevation_6497_th.jpg,Abandoned
462,bea019,,Ajax,Ajax,,,Map,Map,,Underground Map,Underground Elevation 6497.96 Ajax Mine,Underground Elevation 6497.96 Ajax Mine,,Image;StillImage,image/jpeg,MBMG Archives,mbmg217,en,In Copyright,https://rightsstatements.org/page/InC-EDU/1.0/?language=en,image,/objects/001_04_10_Maps_Ajax_Mine_Underground_Thomson_300_Elevation_6420.jpg,/objects/small/001_04_10_maps_ajax_mine_underground_thomson_300_elevation_6420_sm.jpg,/objects/thumbs/001_04_10_maps_ajax_mine_underground_thomson_300_elevation_6420_th.jpg,Abandoned
463,bea020,,Ajax,Ajax,,,Map,Map,,Underground Map,Underground Thomson 300 Elevation 6420.75 Ajax Mine,Underground Thomson 300 Elevation 6420.75 Ajax Mine Elevation from 6403.5-6422.3,,Image;StillImage,image/jpeg,MBMG Archives,mbmg217,en,In Copyright,https://rightsstatements.org/page/InC-EDU/1.0/?language=en,image,/objects/001_05_01_Beaverhead_Hand_Mine_Geochem_Travers_K_T_B_1968.jpg,/objects/small/001_05_01_beaverhead_hand_mine_geochem_travers_k_t_b_1968_sm.jpg,/objects/thumbs/001_05_01_beaverhead_hand_mine_geochem_travers_k_t_b_1968_th.jpg,Abandoned
464,bea021,,Hand Mine,Argenta,,,Map,Map,K.T.B. and W.M. Hand,Underground Map,Hand Mine Geochem Traverse,"Geochem Travers including Copper, Lead, and Zinc",5/24/1968,Image;StillImage,image/jpeg,MBMG Archives,mbmg217,en,In Copyright,https://rightsstatements.org/page/InC-EDU/1.0/?language=en,image,/objects/001_05_05_Beaverhead_Hand_Mine_Level_5885_Geochemical_Traverse_Page_1.jpg,/objects/small/001_05_05_beaverhead_hand_mine_level_5885_geochemical_traverse_page_1_sm.jpg,/objects/thumbs/001_05_05_beaverhead_hand_mine_level_5885_geochemical_traverse_page_1_th.jpg,Abandoned
465,bea022,,Hand Mine,Argenta,,,Map,Map,,Geochemical Map,Hand Mine Level 5885 Geochem Traverse,"Hand Mine Level 5885 Geochem Traverse of lead, copper, and zinc",,Image;StillImage,image/jpeg,MBMG Archives,mbmg217,en,In Copyright,https://rightsstatements.org/page/InC-EDU/1.0/?language=en,image,/objects/001_05_06_Beaverhead_Hand_Mine_Level_5885_Geochemical_Traverse_Page_2.jpg,/objects/small/001_05_06_beaverhead_hand_mine_level_5885_geochemical_traverse_page_2_sm.jpg,/objects/thumbs/001_05_06_beaverhead_hand_mine_level_5885_geochemical_traverse_page_2_th.jpg,Abandoned
466,bea023,,Hand Mine,Argenta,,,Map,Map,,Geochemical Map,Hand Mine Level 5885 Geochem Traverse Page 2,"Hand Mine Level 5885 Geochem Traverse of lead, zinc, and copper",,Image;StillImage,image/jpeg,MBMG Archives,mbmg217,en,In Copyright,https://rightsstatements.org/page/InC-EDU/1.0/?language=en,image,/objects/001_05_07_01_Beaverhead_Hand_Mine_General_Land_Package_and_Geochem.jpg,/objects/small/001_05_07_01_beaverhead_hand_mine_general_land_package_and_geochem_sm.jpg,/objects/thumbs/001_05_07_01_beaverhead_hand_mine_general_land_package_and_geochem_th.jpg,Abandoned
573,bea029,,Hand Mine,Argenta,,,Map,Map,,Location Map,General Land Package Hand Mine Composite,The Parent Object of the Hand Mine general land package that contains survey information Geochem maps and plan maps,7/3/1978,Image;StillImage,image/jpeg,MBMG Archives,mbmg217,en,In Copyright,https://rightsstatements.org/page/InC-EDU/1.0/?language=en,image,/objects/001_05_07_02_Beaverhead_Hand_Mine_Areomagnetic_Survey.jpg,/objects/small/001_05_07_02_beaverhead_hand_mine_areomagnetic_survey_sm.jpg,/objects/thumbs/001_05_07_02_beaverhead_hand_mine_areomagnetic_survey_th.jpg,Abandoned
574,bea030,,Hand Mine,Argenta,,,Map,Map,,Survey Map,General Land Package and Geochem Hand Mine ,Part of the General Land Package parent object,7/8/1978,Image;StillImage,image/jpeg,MBMG Archives,mbmg217,en,In Copyright,https://rightsstatements.org/page/InC-EDU/1.0/?language=en,image,/objects/001_05_07_03_Beaverhead_Geologic-Mine_of_Argenta.jpg,/objects/small/001_05_07_03_beaverhead_geologic-mine_of_argenta_sm.jpg,/objects/thumbs/001_05_07_03_beaverhead_geologic-mine_of_argenta_th.jpg,Abandoned
575,bea031,,Hand Mine,Argenta,,,Map,Map,Bill Hand,Other Map,Aeromagnetic Survey of Hand Mine,"Part of General Land Package Hand Mine, plan map showing results of copper rang aeromagnetic survey to which was later added induced Polarity Lines in 1967 T6S-R10W T6S-R11W T7S-R10W and T7S-R11W Plate I",7/3/1978,Image;StillImage,image/jpeg,MBMG Archives,mbmg217,en,In Copyright,https://rightsstatements.org/page/InC-EDU/1.0/?language=en,image,/objects/001_05_07_04_Beaverhead_Dipole_Dipole_Array.jpg,/objects/small/001_05_07_04_beaverhead_dipole_dipole_array_sm.jpg,/objects/thumbs/001_05_07_04_beaverhead_dipole_dipole_array_th.jpg,Abandoned
576,bea032,,Hand Mine,Argenta,,,Map,Map,Bill Hand,Geologic Map,Geology Map of Argenta,"Child pf General Land Package Hand Mine Plate I T6S, R10W- T7S, R10W-T6S, R11W",7/3/1973,Image;StillImage,image/jpeg,MBMG Archives,mbmg217,en,In Copyright,https://rightsstatements.org/page/InC-EDU/1.0/?language=en,image,/objects/001_05_07_05_Beaverhead_CSM_Geology_Map.jpg,/objects/small/001_05_07_05_beaverhead_csm_geology_map_sm.jpg,/objects/thumbs/001_05_07_05_beaverhead_csm_geology_map_th.jpg,Abandoned
577,bea033,,Hand Mine,Argenta,,,Map,Other,Bill Hand,Other Map,Data Section of Dipole-Dipole Arrays Hand Mine,"Child of General Land Mine Hand Mine, including line 3,4 and, 5 data sections. There is also induced polarity, Resistivity Ohm meters, and Metal factors",7/3/1978,Image;StillImage,image/jpeg,MBMG Archives,mbmg217,en,In Copyright,https://rightsstatements.org/page/InC-EDU/1.0/?language=en,image,/objects/001_05_07_06_Beaverhead_Sampling_Hand_Mine_Campbell_and_Iron_Tunnels_Elevation_5920_1978.jpg,/objects/small/001_05_07_06_beaverhead_sampling_hand_mine_campbell_and_iron_tunnels_elevation_5920_1978_sm.jpg,/objects/thumbs/001_05_07_06_beaverhead_sampling_hand_mine_campbell_and_iron_tunnels_elevation_5920_1978_th.jpg,Abandoned
579,bea034,,Hand Mine,Argenta,,,Map,Map,Bill Hand,Geologic Map,CSM Geology Map Hand Mind,Child of General Land Package Hand Mine containing Plate G,7/3/1978,Image;StillImage,image/jpeg,MBMG Archives,mbmg217,en,In Copyright,https://rightsstatements.org/page/InC-EDU/1.0/?language=en,image,/objects/001_05_07_07_Beaverhead_Assay_Plan_Map_5885_Level.jpg,/objects/small/001_05_07_07_beaverhead_assay_plan_map_5885_level_sm.jpg,/objects/thumbs/001_05_07_07_beaverhead_assay_plan_map_5885_level_th.jpg,Abandoned
581,bea035,,Hand Mine,Argenta,,,Map,Map,Bill Hand,Sample Map,Sample Map Hand Mine,"Child of General Land Package Hand Mine contains Sampling from Iron Mountain Tunnel at 5700 Level and Campbell Tunnel at 5920 elevation. Plates D, E, and F",7/3/1978,Image;StillImage,image/jpeg,MBMG Archives,mbmg217,en,In Copyright,https://rightsstatements.org/page/InC-EDU/1.0/?language=en,image,/objects/001_05_07_08_Beaverhead_Dipole_Dipole_Array_Geochem_Plan_Map.jpg,/objects/small/001_05_07_08_beaverhead_dipole_dipole_array_geochem_plan_map_sm.jpg,/objects/thumbs/001_05_07_08_beaverhead_dipole_dipole_array_geochem_plan_map_th.jpg,Abandoned
583,bea036,,Hand Mine,Argenta,,,Map,Map,Bill Hand,Assay Map,Assay Plan Map 5885 Level Hand Mine,Child of General Land Package of Hand Mine Plate C-1,,Image;StillImage,image/jpeg,MBMG Archives,mbmg217,en,In Copyright,https://rightsstatements.org/page/InC-EDU/1.0/?language=en,image,/objects/001_05_07_09_Beaverhead_Composite_Page_1.jpg,/objects/small/001_05_07_09_beaverhead_composite_page_1_sm.jpg,/objects/thumbs/001_05_07_09_beaverhead_composite_page_1_th.jpg,Abandoned
584,bea037,,Hand Mine,Argenta,,,Map,Map,Bill Hand,Geochemical Map,Dipole-Dipole Array and Geochem Plan Map Hand Mine,"Child of General Land Package of Hand Mine. Geo-Chem Cu-Mo Plan Map showing southern-ditch-trench copper range 1967 of Plate H and Data section with induced polarity of resistivity ohm-meters, percent frequency effect, and metal factor",7/3/1978,Image;StillImage,image/jpeg,MBMG Archives,mbmg217,en,In Copyright,https://rightsstatements.org/page/InC-EDU/1.0/?language=en,image,/objects/001_05_07_10_Beaverhead_Composite_Page_2.jpg,/objects/small/001_05_07_10_beaverhead_composite_page_2_sm.jpg,/objects/thumbs/001_05_07_10_beaverhead_composite_page_2_th.jpg,Abandoned
467,bea024,,Hand Mine,Argenta,,,Map,Map,,Assay Map,Hand Mine Haulage Level Elevation 6355,Assay map of Hand Mine Haulage Level Elevation 6355,7/1/1970,Image;StillImage,image/jpeg,MBMG Archives,mbmg217,en,In Copyright,https://rightsstatements.org/page/InC-EDU/1.0/?language=en,image,/objects/001_05_07_11_Beaverhead_Composite_Page_3.jpg,/objects/small/001_05_07_11_beaverhead_composite_page_3_sm.jpg,/objects/thumbs/001_05_07_11_beaverhead_composite_page_3_th.jpg,Abandoned
468,bea025,,Iron Mountain,Argenta,,,Map,Map,John Hand,Survey Map,Iron Mountain Survey No. 2485,Iron mountain survey with underground workings and overlap with Day Light Mine,,Image;StillImage,image/jpeg,MBMG Archives,mbmg217,en,In Copyright,https://rightsstatements.org/page/InC-EDU/1.0/?language=en,image,/objects/001_05_07_12_Beaverhead_Composite_Page_4.jpg,/objects/small/001_05_07_12_beaverhead_composite_page_4_sm.jpg,/objects/thumbs/001_05_07_12_beaverhead_composite_page_4_th.jpg,Abandoned
469,bea026,,Hand Mine,Argenta,,,Map,Map,,Underground Map,001_06_02_Maps_Underground_Geologic_Plan_5885_Level_Hand_Mine,001_06_02_Maps_Underground_Geologic_Plan_5885_Level_Hand_Mine,,Image;StillImage,image/jpeg,MBMG Archives,mbmg217,en,In Copyright,https://rightsstatements.org/page/InC-EDU/1.0/?language=en,image,/objects/001_05_08_Beaverhead_Assay_Hand_Mine_Haulage_Land_Elevation_6355_1970.jpg,/objects/small/001_05_08_beaverhead_assay_hand_mine_haulage_land_elevation_6355_1970_sm.jpg,/objects/thumbs/001_05_08_beaverhead_assay_hand_mine_haulage_land_elevation_6355_1970_th.jpg,Abandoned
622,bea040,,Hand Mine,Argenta,,,Map,Map,,Underground Map,Plan of 5885 Level Hand Mine,"Underground plan of workings including alterations, limestone, and mineral compositions. Refence to previous name of Mauldin reference",,Image;StillImage,image/jpeg,MBMG Archives,mbmg217,en,In Copyright,https://rightsstatements.org/page/InC-EDU/1.0/?language=en,image,/objects/001_05_09_Maps_Survey_2485_Argenta_J_Hand.jpg,/objects/small/001_05_09_maps_survey_2485_argenta_j_hand_sm.jpg,/objects/thumbs/001_05_09_maps_survey_2485_argenta_j_hand_th.jpg,Abandoned
470,bea027,,Hand Mine,Argenta,,,Map,Map,Bill Hand,Underground Map,Plan of Exploration and Development at Hand Mine 5700 Level ,Plan of exploration and development at Hand Mine 5700 Level ,3/1/1963,Image;StillImage,image/jpeg,MBMG Archives,mbmg217,en,In Copyright,https://rightsstatements.org/page/InC-EDU/1.0/?language=en,image,/objects/001_06_02_Beaverhead_Underground_Geologic_Plan_5885_Level_Hand_Mine.jpg,/objects/small/001_06_02_beaverhead_underground_geologic_plan_5885_level_hand_mine_sm.jpg,/objects/thumbs/001_06_02_beaverhead_underground_geologic_plan_5885_level_hand_mine_th.jpg,Abandoned
634,bea041,,Hand Mine,Argenta,,,Map,Map,,Geologic Map,Geologic Plan Map of Surface Hand Mine,"Geologic map on a contour map, Dillion Montana, N53000, E56000",,Image;StillImage,image/jpeg,MBMG Archives,mbmg217,en,In Copyright,https://rightsstatements.org/page/InC-EDU/1.0/?language=en,image,/objects/001_06_05_Beaverhead_Underground_Exploration_Development_Hand_Mine_5700_Level_1963.jpg,/objects/small/001_06_05_beaverhead_underground_exploration_development_hand_mine_5700_level_1963_sm.jpg,/objects/thumbs/001_06_05_beaverhead_underground_exploration_development_hand_mine_5700_level_1963_th.jpg,Abandoned
474,bea028,,Hand Mine,Argenta,,,Map,Map,,Cross Section Map,Cross Section N54440 Hand Mine Projection on Vertical Elevation Plane,"Elevation of 6000 feet, uses colored ink and is part of a larger collection of similar maps.",,Image;StillImage,image/jpeg,MBMG Archives,mbmg217,en,In Copyright,https://rightsstatements.org/page/InC-EDU/1.0/?language=en,image,/objects/001_06_06_Beaverhead_Shafer_Manganese_Prop_Plan_of_Discovery.jpg,/objects/small/001_06_06_beaverhead_shafer_manganese_prop_plan_of_discovery_sm.jpg,/objects/thumbs/001_06_06_beaverhead_shafer_manganese_prop_plan_of_discovery_th.jpg,Abandoned
635,bea042,,Hand Mine,Argenta,,,Map,Map,,Cross Section,Cross Section of N54440 Hand Mine,"One of several cross sections in Hand Mine, projected on Vertical E-b plane. Contains a mine shaft and No. 18 Vn",,Image;StillImage,image/jpeg,MBMG Archives,mbmg217,en,In Copyright,https://rightsstatements.org/page/InC-EDU/1.0/?language=en,image,/objects/001_06_07_Beaverhead_Underground_Cross_Section_N54440_Hand_Mine.jpg,/objects/small/001_06_07_beaverhead_underground_cross_section_n54440_hand_mine_sm.jpg,/objects/thumbs/001_06_07_beaverhead_underground_cross_section_n54440_hand_mine_th.jpg,Abandoned
636,bea043,,Hand Mine,Argenta,,,Map,Map,,Plan View Map,Plan 5806 Level Hand Mine,"Plan map with underground workings and geologic notes of surrounding rocks, N54000, E55600",,Image;StillImage,image/jpeg,MBMG Archives,mbmg217,en,In Copyright,https://rightsstatements.org/page/InC-EDU/1.0/?language=en,image,/objects/001_06_08_Beaverhead_Underground_Plan_5806_Level_Hand_Mine.jpg,/objects/small/001_06_08_beaverhead_underground_plan_5806_level_hand_mine_sm.jpg,/objects/thumbs/001_06_08_beaverhead_underground_plan_5806_level_hand_mine_th.jpg,Abandoned
637,bea044,,Hand Mine,Argenta,,,Map,Map,,Plan View Map,Plan View #7 Vn Wz Hand Mine,Geologic notes around workings at elevation 5814 Floor and assay notes.,,Image;StillImage,image/jpeg,MBMG Archives,mbmg217,en,In Copyright,https://rightsstatements.org/page/InC-EDU/1.0/?language=en,image,/objects/001_06_09_Beaverhead_Underground_Cross_Sec_7Vn_Wz_Hand_Mine_K_S_Harness.jpg,/objects/small/001_06_09_beaverhead_underground_cross_sec_7vn_wz_hand_mine_k_s_harness_sm.jpg,/objects/thumbs/001_06_09_beaverhead_underground_cross_sec_7vn_wz_hand_mine_k_s_harness_th.jpg,Abandoned
638,bea045,,Hand Mine,Argenta,,,Map,Map,,Longitudinal Section,Longitudinal Section BVn NW Hand Mine,Contains mine shaft and projected on vertical North- South Plane,,Image;StillImage,image/jpeg,MBMG Archives,mbmg217,en,In Copyright,https://rightsstatements.org/page/InC-EDU/1.0/?language=en,image,/objects/001_06_10_Beaverhead_Long_Sec_BVn_NW_Hand_Mine.jpg,/objects/small/001_06_10_beaverhead_long_sec_bvn_nw_hand_mine_sm.jpg,/objects/thumbs/001_06_10_beaverhead_long_sec_bvn_nw_hand_mine_th.jpg,Abandoned
639,bea046,,Hand Mine,Argenta,,,Map,Map,K.S. Herness,Cross Section,Cross Section No. 5Vn Hand Mine,"Created by mining geology class from Colorado School of Mines with assay notes, geology, and mineshaft with workings.",,Image;StillImage,image/jpeg,MBMG Archives,mbmg217,en,In Copyright,https://rightsstatements.org/page/InC-EDU/1.0/?language=en,image,/objects/001_07_01_Beaverhead_Underground_Cross_Sec_5Vn_Hand_Mine.jpg,/objects/small/001_07_01_beaverhead_underground_cross_sec_5vn_hand_mine_sm.jpg,/objects/thumbs/001_07_01_beaverhead_underground_cross_sec_5vn_hand_mine_th.jpg,Abandoned
640,bea047,,Hand Mine,Argenta,,,Map,Map,W. M. Hand,Longitudinal Section,Longitudinal Section # 4 Vn Hand Mine,"Geologic and assay notes on Elevation 6000 foot, created with the techniques and methods of K.S. Herness.",,Image;StillImage,image/jpeg,MBMG Archives,mbmg217,en,In Copyright,https://rightsstatements.org/page/InC-EDU/1.0/?language=en,image,/objects/001_07_02_Beaverhead_Underground_Cross_Long_Sec_4Vn_Hand_Mine.jpg,/objects/small/001_07_02_beaverhead_underground_cross_long_sec_4vn_hand_mine_sm.jpg,/objects/thumbs/001_07_02_beaverhead_underground_cross_long_sec_4vn_hand_mine_th.jpg,Abandoned
641,bea048,,Hand Mine,Argenta,,,Map,Map,W. M. Hand,Cross Section,Cross Section 54617 Hand Mine,"Geologic, assay, and workings notes included, created with method and techniques bu K.S. Herness",,Image;StillImage,image/jpeg,MBMG Archives,mbmg217,en,In Copyright,https://rightsstatements.org/page/InC-EDU/1.0/?language=en,image,/objects/001_07_03_Beaverhead_Underground_Cross_Sec_54617_Hand_Mine.jpg,/objects/small/001_07_03_beaverhead_underground_cross_sec_54617_hand_mine_sm.jpg,/objects/thumbs/001_07_03_beaverhead_underground_cross_sec_54617_hand_mine_th.jpg,Abandoned
642,bea049,,Hand Mine,Argenta,,,Map,Map,,Longitudinal Section,Longitudinal Section #8 Vn Hand Mine,"Geologic, assay, and workings notes projected on vertical North- South Plane. Elevation 6000 foot. Methods and techniques by K.S. Herness through mining geology class from Colorado School of Mines",,Image;StillImage,image/jpeg,MBMG Archives,mbmg217,en,In Copyright,https://rightsstatements.org/page/InC-EDU/1.0/?language=en,image,/objects/001_07_04_Beaverhead_Underground_Cross_Long_Sec_8Vn_Hand_Mine.jpg,/objects/small/001_07_04_beaverhead_underground_cross_long_sec_8vn_hand_mine_sm.jpg,/objects/thumbs/001_07_04_beaverhead_underground_cross_long_sec_8vn_hand_mine_th.jpg,Abandoned
643,bea050,,Hand Mine,Argenta,,,Map,Map,,Longitudinal Section,Longitudinal Section #6 Vn Hand Mine,"Geologic, assay, and workings notes, including Eaton Sh. Dump. Projected on vertical North- South Plane. Methods and technique of K.S. Herness and posted by mining geology class from Colorado School of Mines.",,Image;StillImage,image/jpeg,MBMG Archives,mbmg217,en,In Copyright,https://rightsstatements.org/page/InC-EDU/1.0/?language=en,image,/objects/001_07_05_Beaverhead_Underground_Cross_Long_Sec_6Vn_Hand_Mine.jpg,/objects/small/001_07_05_beaverhead_underground_cross_long_sec_6vn_hand_mine_sm.jpg,/objects/thumbs/001_07_05_beaverhead_underground_cross_long_sec_6vn_hand_mine_th.jpg,Abandoned
644,bea051,,Hand Mine,Argenta,,,Map,Map,,Longitudinal Section,Longitudinal Section #10 Vn Hand Mine,"Geologic, assay, and workings notes of elevation 6000 foot. Projected on North-South Plane created with method and technique by K.S. Herness and posted by mining geology class from Colorado School of Mines",,Image;StillImage,image/jpeg,MBMG Archives,mbmg217,en,In Copyright,https://rightsstatements.org/page/InC-EDU/1.0/?language=en,image,/objects/001_07_06_Beaverhead_Underground_Cross_Long_Sec_10Vn_Hand_Mine.jpg,/objects/small/001_07_06_beaverhead_underground_cross_long_sec_10vn_hand_mine_sm.jpg,/objects/thumbs/001_07_06_beaverhead_underground_cross_long_sec_10vn_hand_mine_th.jpg,Abandoned
645,bea052,,Hand Mine,Argenta,,,Map,Map,,Longitudinal Section,Longitudinal Section #9 Vn Hand Mine,"Geologic, assay, and mining shaft notes above Elevation 5700 foot. Method and techniques by K.S. Herness and posted by mining geology class from Colorado School of Mines",,Image;StillImage,image/jpeg,MBMG Archives,mbmg217,en,In Copyright,https://rightsstatements.org/page/InC-EDU/1.0/?language=en,image,/objects/001_07_07_Beaverhead_Underground_Cross_Long_Sec_9Vn_Hand_Mine.jpg,/objects/small/001_07_07_beaverhead_underground_cross_long_sec_9vn_hand_mine_sm.jpg,/objects/thumbs/001_07_07_beaverhead_underground_cross_long_sec_9vn_hand_mine_th.jpg,Abandoned
646,bea053,,Hand Mine,Argenta,,,Map,Map,,Longitudinal Section,Longitudinal Section #13 Vn Hand Mine,"Geologic, assay, and workings notes at elevation 6000 foot. Projected on Vertical North- South Plane.",,Image;StillImage,image/jpeg,MBMG Archives,mbmg217,en,In Copyright,https://rightsstatements.org/page/InC-EDU/1.0/?language=en,image,/objects/001_07_08_Beaverhead_Underground_Cross_Long_Sec_13Vn_Hand_Mine.jpg,/objects/small/001_07_08_beaverhead_underground_cross_long_sec_13vn_hand_mine_sm.jpg,/objects/thumbs/001_07_08_beaverhead_underground_cross_long_sec_13vn_hand_mine_th.jpg,Abandoned
647,bea054,,Hand Mine,Argenta,,,Map,Map,,Longitudinal Section,Longitudinal Section #11 Vn Hand Mine,"Geologic, assay, and workings notes at elevation 6000 foot, projected on vertical North- South Plane. Methods and techniques by K.S. Herness and posted by mining geology class from Colorado School of Mines",,Image;StillImage,image/jpeg,MBMG Archives,mbmg217,en,In Copyright,https://rightsstatements.org/page/InC-EDU/1.0/?language=en,image,/objects/001_07_09_Beaverhead_Underground_Cross_Long_Sec_11Vn_Hand_Mine.jpg,/objects/small/001_07_09_beaverhead_underground_cross_long_sec_11vn_hand_mine_sm.jpg,/objects/thumbs/001_07_09_beaverhead_underground_cross_long_sec_11vn_hand_mine_th.jpg,Abandoned
648,bea055,,Hand Mine,Argenta,,,Map,Map,W.M. Hand,Longitudinal Section,Longitudinal Section #15 Vn Hand Mine,"Geology, assay, and workings at elevation 6000 foot, projected on vertical North- South Plane. Methods and techniques by K.S. Herness.",,Image;StillImage,image/jpeg,MBMG Archives,mbmg217,en,In Copyright,https://rightsstatements.org/page/InC-EDU/1.0/?language=en,image,/objects/001_07_10_Beaverhead_Underground_Cross_Long_Sec_15Vn_Hand_Mine.jpg,/objects/small/001_07_10_beaverhead_underground_cross_long_sec_15vn_hand_mine_sm.jpg,/objects/thumbs/001_07_10_beaverhead_underground_cross_long_sec_15vn_hand_mine_th.jpg,Abandoned
649,bea056,,Hand Mine,Argenta,,,Map,Map,,Longitudinal Section,Longitudinal Section #14 Vn Hand Mine,"Geologic, assay, and workings notes projected on vertical North- South Plane.",,Image;StillImage,image/jpeg,MBMG Archives,mbmg217,en,In Copyright,https://rightsstatements.org/page/InC-EDU/1.0/?language=en,image,/objects/001_08_01_Beaverhead_Underground_Cross_Long_Sec_14Vn_Hand_Mine.jpg,/objects/small/001_08_01_beaverhead_underground_cross_long_sec_14vn_hand_mine_sm.jpg,/objects/thumbs/001_08_01_beaverhead_underground_cross_long_sec_14vn_hand_mine_th.jpg,Abandoned
650,bea057,,Hand Mine,Argenta,,,Map,Map,,Longitudinal Section,Longitudinal Section #7 Vn Hand Mine,"Geologic, assay, and workings notes projected on vertical North- South plane. Methods and techniques by K.S. Herness and posted by mining geology class from Colorado School of Mines.",,Image;StillImage,image/jpeg,MBMG Archives,mbmg217,en,In Copyright,https://rightsstatements.org/page/InC-EDU/1.0/?language=en,image,/objects/001_08_02_Beaverhead_Underground_Cross_Long_Sec_7Vn_Hand_Mine_K_S_Harness.jpg,/objects/small/001_08_02_beaverhead_underground_cross_long_sec_7vn_hand_mine_k_s_harness_sm.jpg,/objects/thumbs/001_08_02_beaverhead_underground_cross_long_sec_7vn_hand_mine_k_s_harness_th.jpg,Abandoned
651,bea058,,Hand Mine,Argenta,,,Map,Map,,Longitudinal Section,Longitudinal Section #12 Vn Hand Mine,"Geologic, assay, and workings notes projected on North- South Plane. Includes a mine shaft.",,Image;StillImage,image/jpeg,MBMG Archives,mbmg217,en,In Copyright,https://rightsstatements.org/page/InC-EDU/1.0/?language=en,image,/objects/001_08_03_Beaverhead_Underground_Cross_Long_Sec_12Vn_Hand_Mine_K_S_Herness.jpg,/objects/small/001_08_03_beaverhead_underground_cross_long_sec_12vn_hand_mine_k_s_herness_sm.jpg,/objects/thumbs/001_08_03_beaverhead_underground_cross_long_sec_12vn_hand_mine_k_s_herness_th.jpg,Abandoned
652,bea059,,Hand Mine,Argenta,,,Map,Map,W.M. Hand,Cross Section,Cross Section N54270 Hand Mine,"Drill holes, geologic, and workings notes projected on vertical East- West plane. Methods and techniques by K.S. Herness",,Image;StillImage,image/jpeg,MBMG Archives,mbmg217,en,In Copyright,https://rightsstatements.org/page/InC-EDU/1.0/?language=en,image,/objects/001_08_04_Beaverhead_Underground_Cross_Sec_N54270_Hand_Mine_K_S_Herness.jpg,/objects/small/001_08_04_beaverhead_underground_cross_sec_n54270_hand_mine_k_s_herness_sm.jpg,/objects/thumbs/001_08_04_beaverhead_underground_cross_sec_n54270_hand_mine_k_s_herness_th.jpg,Abandoned
653,bea060,,Hand Mine,Argenta,,,Map,Map,,Cross Section,Cross Section N54070 Hand Mine,"Drill hole location, Workings and nearby geology notes included in 5700 and 5885 level.",,Image;StillImage,image/jpeg,MBMG Archives,mbmg217,en,In Copyright,https://rightsstatements.org/page/InC-EDU/1.0/?language=en,image,/objects/001_08_05_Beaverhead_Underground_Cross_Sec_N54070_Hand_Mine.jpg,/objects/small/001_08_05_beaverhead_underground_cross_sec_n54070_hand_mine_sm.jpg,/objects/thumbs/001_08_05_beaverhead_underground_cross_sec_n54070_hand_mine_th.jpg,Abandoned
654,bea061,,Hand Mine,Argenta,,,Map,Map,,Plan View Map,Plan View 5885 Level Hand Mine,Workings and assay notes with color at E55200,,Image;StillImage,image/jpeg,MBMG Archives,mbmg217,en,In Copyright,https://rightsstatements.org/page/InC-EDU/1.0/?language=en,image,/objects/001_08_06_Beaverhead_Underground_Plain_Veiw_5885_Hand_Mine.jpg,/objects/small/001_08_06_beaverhead_underground_plain_veiw_5885_hand_mine_sm.jpg,/objects/thumbs/001_08_06_beaverhead_underground_plain_veiw_5885_hand_mine_th.jpg,Abandoned
655,bea062,,Hand Mine,Argenta,,,Map,Map,W. M. Hand,Cross Section,Cross Section N54291 Hand Mine,"Geologic, assay, and workings notes projected on vertical East- West plane at elevation 6000 foot. Methods and techniques by K.S. Herness.",,Image;StillImage,image/jpeg,MBMG Archives,mbmg217,en,In Copyright,https://rightsstatements.org/page/InC-EDU/1.0/?language=en,image,/objects/001_08_07_Beaverhead_Underground_Cross_Sec_N54291_Hand_Mine_K_S_Herness.jpg,/objects/small/001_08_07_beaverhead_underground_cross_sec_n54291_hand_mine_k_s_herness_sm.jpg,/objects/thumbs/001_08_07_beaverhead_underground_cross_sec_n54291_hand_mine_k_s_herness_th.jpg,Abandoned
656,bea063,,Hand Mine,Argenta,,,Map,Map,,Geologic Map,Geologic Plan of 5885 Level Hand Mine,Geologic notes with numbered vein notes around workings.,,Image;StillImage,image/jpeg,MBMG Archives,mbmg217,en,In Copyright,https://rightsstatements.org/page/InC-EDU/1.0/?language=en,image,/objects/001_08_08_Beaverhead_Underground_Geologic_Pan_of_5885_Level_Hand_Mine.jpg,/objects/small/001_08_08_beaverhead_underground_geologic_pan_of_5885_level_hand_mine_sm.jpg,/objects/thumbs/001_08_08_beaverhead_underground_geologic_pan_of_5885_level_hand_mine_th.jpg,Abandoned
657,bea064,,Hand Mine,Argenta,,,Map,Map,,Plan View Map,Plan Map 5700 Level Hand Mine,Proposed Exploration with current workings and veins,,Image;StillImage,image/jpeg,MBMG Archives,mbmg217,en,In Copyright,https://rightsstatements.org/page/InC-EDU/1.0/?language=en,image,/objects/001_08_10_Beaverhead_Underground_Plan_Proprosed_Exploration_5700_Level_Hand_Mine.jpg,/objects/small/001_08_10_beaverhead_underground_plan_proprosed_exploration_5700_level_hand_mine_sm.jpg,/objects/thumbs/001_08_10_beaverhead_underground_plan_proprosed_exploration_5700_level_hand_mine_th.jpg,Abandoned
658,bea065,,Polaris,Polaris,,,Map,Map,Bill Hand,Assay Map,Plan Assay Map of 6775 Level,Underground workings and assay map. Property of Midnite Mines Inc. ,2/1/1975,Image;StillImage,image/jpeg,MBMG Archives,mbmg217,en,In Copyright,https://rightsstatements.org/page/InC-EDU/1.0/?language=en,image,/objects/001_09_01_Beaverhead_Cross_Section_Assay_Map_Polaris_Mine_6775_Level_B_Hand_1975.jpg,/objects/small/001_09_01_beaverhead_cross_section_assay_map_polaris_mine_6775_level_b_hand_1975_sm.jpg,/objects/thumbs/001_09_01_beaverhead_cross_section_assay_map_polaris_mine_6775_level_b_hand_1975_th.jpg,Abandoned
659,bea066,,Polaris,Polaris,,,Map,Map,,Underground Map,Cross Section 570 Level Polaris ,"Geology with probable ore, multiple marked levels with a 'Main Pit' Level",,Image;StillImage,image/jpeg,MBMG Archives,mbmg217,en,In Copyright,https://rightsstatements.org/page/InC-EDU/1.0/?language=en,image,/objects/001_09_02_Beaverhead_Cross_Section_Polaris_570_Level.jpg,/objects/small/001_09_02_beaverhead_cross_section_polaris_570_level_sm.jpg,/objects/thumbs/001_09_02_beaverhead_cross_section_polaris_570_level_th.jpg,Abandoned
660,bea067,,Polaris,Polaris,,,Map,Map,"Harper, Macdonald and Co.",Underground Map,Plan of Underground Workings Polaris Mine,"Part of the Corney Report of 1918 Plate No. 2, including multiple levels and mining shafts.",,Image;StillImage,image/jpeg,MBMG Archives,mbmg217,en,In Copyright,https://rightsstatements.org/page/InC-EDU/1.0/?language=en,image,/objects/001_09_03_Beaverhead_Underground_Workings_Polaris_Mine_H_MacDonald_1918.jpg,/objects/small/001_09_03_beaverhead_underground_workings_polaris_mine_h_macdonald_1918_sm.jpg,/objects/thumbs/001_09_03_beaverhead_underground_workings_polaris_mine_h_macdonald_1918_th.jpg,Plan View Map;Abandoned;
661,bea068,,Polaris,Polaris,,,Map,Map,,Geologic Map,"Geologic Map of the 260 foot Level, Polaris Mine","Plate 3 of unknown report, containing underground workings and Meagher Fm.",,Image;StillImage,image/jpeg,MBMG Archives,mbmg217,en,In Copyright,https://rightsstatements.org/page/InC-EDU/1.0/?language=en,image,/objects/001_09_04_Beaverhead_Geologic_Map_260_Foot_Land_Polaris_Mine.jpg,/objects/small/001_09_04_beaverhead_geologic_map_260_foot_land_polaris_mine_sm.jpg,/objects/thumbs/001_09_04_beaverhead_geologic_map_260_foot_land_polaris_mine_th.jpg,Abandoned
663,bea069,,Golden Era,Argenta,,,Map,Map,G. C. Johnston,Plan View Map,Plan of the Golden Era Mine,"Plate 2 of unknown report including surveys, surrounding claims, underground workings, and cross sections.",4/1/1936,Image;StillImage,image/jpeg,MBMG Archives,mbmg217,en,In Copyright,https://rightsstatements.org/page/InC-EDU/1.0/?language=en,image,/objects/001_10_01_Beaverhead_Underground_Cross_Section_Golden_Era_Mine_Argenta_District_1936_Plate_2.jpg,/objects/small/001_10_01_beaverhead_underground_cross_section_golden_era_mine_argenta_district_1936_plate_2_sm.jpg,/objects/thumbs/001_10_01_beaverhead_underground_cross_section_golden_era_mine_argenta_district_1936_plate_2_th.jpg,Claim Map; Cross Section; Underground Map;Abandoned;
664,bea070,,Golden Era,Argenta,,,Map,Map,,Cross Section,Vertical Section of the Golden Era Mine,"Plat 4 of unknown report including the water table, shaft #1, #2, and #3.",,Image;StillImage,image/jpeg,MBMG Archives,mbmg217,en,In Copyright,https://rightsstatements.org/page/InC-EDU/1.0/?language=en,image,/objects/001_10_02_Beaverhead_Vertical_Section_Golden_Era_Mine_Plate_4.jpg,/objects/small/001_10_02_beaverhead_vertical_section_golden_era_mine_plate_4_sm.jpg,/objects/thumbs/001_10_02_beaverhead_vertical_section_golden_era_mine_plate_4_th.jpg,Abandoned
665,bea071,,Goldfinch,Argenta,,,Map,Map,,Plan View Map,Plan Map of Goldfinch Mine,"Assay and underground workings with 40, 60, 120, and 200 level with colors. Map 7 of unknown report",6/18/1937,Image;StillImage,image/jpeg,MBMG Archives,mbmg217,en,In Copyright,https://rightsstatements.org/page/InC-EDU/1.0/?language=en,image,/objects/001_10_06_Beaverhead_Underground_Cross_Section_Plan_Map_Map_7_Goldfinch_Mine_Argenta.jpg,/objects/small/001_10_06_beaverhead_underground_cross_section_plan_map_map_7_goldfinch_mine_argenta_sm.jpg,/objects/thumbs/001_10_06_beaverhead_underground_cross_section_plan_map_map_7_goldfinch_mine_argenta_th.jpg,Abandoned
666,bea072,,Goldfinch,Argenta,,,Map,Map,,Plan View Map,Goldfinch Mine Plan Map with Notes,"Assay and underground workings with 40, 60, 120, and 200 level with extra notes of authors.",6/18/1937,Image;StillImage,image/jpeg,MBMG Archives,mbmg217,en,In Copyright,https://rightsstatements.org/page/InC-EDU/1.0/?language=en,image,/objects/001_10_07_Beaverhead_Underground_Cross_Section_Plan_Map_Goldfinch_Mine_40_to_200_Level_1937.jpg,/objects/small/001_10_07_beaverhead_underground_cross_section_plan_map_goldfinch_mine_40_to_200_level_1937_sm.jpg,/objects/thumbs/001_10_07_beaverhead_underground_cross_section_plan_map_goldfinch_mine_40_to_200_level_1937_th.jpg,Abandoned
667,bea073,,Goldfinch,Argenta,,,Map,Map,,Longitudinal Section,Longitudinal Section and Assay Goldfinch Mine,"Longitudinal Section including surface, 40, 60, 120 levels",11/25/1936,Image;StillImage,image/jpeg,MBMG Archives,mbmg217,en,In Copyright,https://rightsstatements.org/page/InC-EDU/1.0/?language=en,image,/objects/001_10_09_Beaverhead_Underground_Cross_Section_Longitudinal_Section_with_Assay_1936.jpg,/objects/small/001_10_09_beaverhead_underground_cross_section_longitudinal_section_with_assay_1936_sm.jpg,/objects/thumbs/001_10_09_beaverhead_underground_cross_section_longitudinal_section_with_assay_1936_th.jpg,Assay Map;Abandoned;
668,bea074,,Goldfinch,Argenta,,,Map,Map,Paul L. Jones,Cross Section,Cross Section of Polaris Mine,"Underground Workings Including Section A-A' and Section B-B' with tunnels, old shafts and assay notes",3/3/1974,Image;StillImage,image/jpeg,MBMG Archives,mbmg217,en,In Copyright,https://rightsstatements.org/page/InC-EDU/1.0/?language=en,image,/objects/001_10_10_Beaverhead_Underground_Cross_Section_Polaris_Mine_T5S_R12W_S28_1974.jpg,/objects/small/001_10_10_beaverhead_underground_cross_section_polaris_mine_t5s_r12w_s28_1974_sm.jpg,/objects/thumbs/001_10_10_beaverhead_underground_cross_section_polaris_mine_t5s_r12w_s28_1974_th.jpg,Assay Map; Underground Map;Abandoned;
669,bea075,,Golden Era,Argenta,,,Map,Map,J. U. Macewan,Assay Map,Plan of Drift Golden Era Mine,Underground workings and assay in gold oz/ton.,3/9/1936,Image;StillImage,image/jpeg,MBMG Archives,mbmg217,en,In Copyright,https://rightsstatements.org/page/InC-EDU/1.0/?language=en,image,/objects/002_01_01_Beaverhead_Geochemical_Cross_Section_Drift_Golden_Era_Mine_Argenta_1936.jpg,/objects/small/002_01_01_beaverhead_geochemical_cross_section_drift_golden_era_mine_argenta_1936_sm.jpg,/objects/thumbs/002_01_01_beaverhead_geochemical_cross_section_drift_golden_era_mine_argenta_1936_th.jpg,Workings Map;Abandoned;
670,bea076,,Golden Era,Argenta,,,Map,Map,J. U. Macewan,Longitudinal Section,Long Section of the Golden Era Mine,"Includes workings, measurements of these workings and the water table",3/9/1936,Image;StillImage,image/jpeg,MBMG Archives,mbmg217,en,In Copyright,https://rightsstatements.org/page/InC-EDU/1.0/?language=en,image,/objects/002_01_02_Beaverhead_Underground_Cross_Section_Long_Section_Golden_Era_Mine_1936.jpg,/objects/small/002_01_02_beaverhead_underground_cross_section_long_section_golden_era_mine_1936_sm.jpg,/objects/thumbs/002_01_02_beaverhead_underground_cross_section_long_section_golden_era_mine_1936_th.jpg,Abandoned
671,bea077,,Golden Era,Argenta,,,Map,Map,J. U. Macewan,Plan View Map,Plan of the Golden Era Mine,"Underground workings, surface workings and surrounding claims as well as the Golden Era Mill Site.",,Image;StillImage,image/jpeg,MBMG Archives,mbmg217,en,In Copyright,https://rightsstatements.org/page/InC-EDU/1.0/?language=en,image,/objects/002_01_03_Beaverhead_Survey_Plan_of_Golden_Era_Mine_Argenta_1936.jpg,/objects/small/002_01_03_beaverhead_survey_plan_of_golden_era_mine_argenta_1936_sm.jpg,/objects/thumbs/002_01_03_beaverhead_survey_plan_of_golden_era_mine_argenta_1936_th.jpg,Abandoned
677,bea078,,Goldfinch,Argenta,,,Map,Map,,Survey Map,Survey of Goldfinch Claim and Surrounding Claims with Cross Section,"Surveys shown include South Side, Sunny Day, Big Lode, Harmon, Three Cheers Claim, Golden Crown, Dolphin, Caledonia, All Nations, and J. T. Ross Claims. There are also elevation markers, Mt. Baldy, and Clark Canyon",,Image;StillImage,image/jpeg,MBMG Archives,mbmg217,en,In Copyright,https://rightsstatements.org/page/InC-EDU/1.0/?language=en,image,/objects/002_01_09_Beaverhead__Survey_South_Side_Dolphin_Claim_J_T_Ross.jpg,/objects/small/002_01_09_beaverhead__survey_south_side_dolphin_claim_j_t_ross_sm.jpg,/objects/thumbs/002_01_09_beaverhead__survey_south_side_dolphin_claim_j_t_ross_th.jpg,Abandoned
693,bea079,,Goldfinch,Argenta,,,Map,Map,,Plan View Map,Plan View and Long View of Goldfinch Mine,Underground workings withs shafts and stoped areas. Levels number 1-4. Plate 3,,Image;StillImage,image/jpeg,MBMG Archives,mbmg217,en,In Copyright,https://rightsstatements.org/page/InC-EDU/1.0/?language=en,image,/objects/002_02_01_Beaverhead_Plan_View_Long_Veiw_Goldfinch_Mine_Plate_3.jpg,/objects/small/002_02_01_beaverhead_plan_view_long_veiw_goldfinch_mine_plate_3_sm.jpg,/objects/thumbs/002_02_01_beaverhead_plan_view_long_veiw_goldfinch_mine_plate_3_th.jpg,Longitudinal Section; Plan View Map;Abandoned;
695,bea080,,Golden Dawn,Argenta,,,Map,Map,Robin McCulloch,Underground Map,Surface and Underground Workings of Golden Dawn Mine,Manway and shafts in both maps with surrounding geology,8/2/1988,Image;StillImage,image/jpeg,MBMG Archives,mbmg217,en,In Copyright,https://rightsstatements.org/page/InC-EDU/1.0/?language=en,image,/objects/002_02_03_Beaverhead_Underground_Workings_Golden_Dawn_Mine_R_McCulloch_1988.jpg,/objects/small/002_02_03_beaverhead_underground_workings_golden_dawn_mine_r_mcculloch_1988_sm.jpg,/objects/thumbs/002_02_03_beaverhead_underground_workings_golden_dawn_mine_r_mcculloch_1988_th.jpg,Abandoned
696,bea081,,Yellow Band,Argenta,,,Map,Map,,Geologic Map,c,"Located in Sections 1, 2 and 11, T6S, R11W with red geology notes.",8/1/1946,Image;StillImage,image/jpeg,MBMG Archives,mbmg217,en,In Copyright,https://rightsstatements.org/page/InC-EDU/1.0/?language=en,image,/objects/002_02_04_Beaverhead_Surface_Geology_and_Workings_Cross_and_Yelow_Band_Claims_1946.jpg,/objects/small/002_02_04_beaverhead_surface_geology_and_workings_cross_and_yelow_band_claims_1946_sm.jpg,/objects/thumbs/002_02_04_beaverhead_surface_geology_and_workings_cross_and_yelow_band_claims_1946_th.jpg,Underground Map;Abandoned;
697,bea082,,Goldsmith,Argenta,,,Map,Map,,Underground Map,Underground Workings of Goldsmith Mine,Geology notes in red around workings,,Image;StillImage,image/jpeg,MBMG Archives,mbmg217,en,In Copyright,https://rightsstatements.org/page/InC-EDU/1.0/?language=en,image,/objects/002_02_05_Beaverhead_Underground_Workings_Goldsmith_Mine_Argenta_District.jpg,/objects/small/002_02_05_beaverhead_underground_workings_goldsmith_mine_argenta_district_sm.jpg,/objects/thumbs/002_02_05_beaverhead_underground_workings_goldsmith_mine_argenta_district_th.jpg,Abandoned
699,bea083,,Iron Mountain,Argenta,,,Map,Map,Geo R. Mellen,Survey Map,Map of Montana Mining District,"Located in T6S, R10W including claims Stapelton, Annie Placer, Grand View, Goldsmith, Windup, Iron Mountain, Little Iron Mountain, Captain Jim, Mountain View, Daylight, Copper Blossom, Iron Hat, Rittenhouse, Brownelle, Anaconda, Louis Philip, Copper Bell, Emerald, Rattlesnake, Cold Day, M and M, Jack Rabbit, Three Times Winner, Bella Lode, East End, Magnolia, Big Paymaster, Big Jimbo, Ferdinand, and Kelly Placer",1/15/1928,Image;StillImage,image/jpeg,MBMG Archives,mbmg217,en,In Copyright,https://rightsstatements.org/page/InC-EDU/1.0/?language=en,image,/objects/002_02_08_Beaverhead_Survey_Argenta_Mining_District_G_R_Mellen_1928.jpg,/objects/small/002_02_08_beaverhead_survey_argenta_mining_district_g_r_mellen_1928_sm.jpg,/objects/thumbs/002_02_08_beaverhead_survey_argenta_mining_district_g_r_mellen_1928_th.jpg,Abandoned
700,bea084,,Ferdinand,Argenta,,,Map,Map,,Assay Map,Assay Map and Section of Ferdinand Shaft,"Shaft looking North from 134-foot level to 234-foot level. Assay contains gold, silver, lead, zinc, and cubic zirconia",,Image;StillImage,image/jpeg,MBMG Archives,mbmg217,en,In Copyright,https://rightsstatements.org/page/InC-EDU/1.0/?language=en,image,/objects/002_02_10_Beaverhead_Assay_and_Section_of_Ferdinand_Shaft_134_to_234_foot_Level.jpg,/objects/small/002_02_10_beaverhead_assay_and_section_of_ferdinand_shaft_134_to_234_foot_level_sm.jpg,/objects/thumbs/002_02_10_beaverhead_assay_and_section_of_ferdinand_shaft_134_to_234_foot_level_th.jpg,Abandoned
723,bea085,,Ferdinand,Argenta,,,Map,Map,George Engineering Co,Workings Map,Underground Workings of Ferdinand Mine,"Created for the Hecla Mining Company, contains the 58-foot level of the Ferdinand and surveys of surrounding mines including P. J. Kelly Placer, Bella, and Big Jumbo",2/26/1938,Image;StillImage,image/jpeg,MBMG Archives,mbmg217,en,In Copyright,https://rightsstatements.org/page/InC-EDU/1.0/?language=en,image,/objects/002_03_02_Beaverhead_Underground_Workings_Ferdinand_Lead_Mine_Argenta_Montana.jpg,/objects/small/002_03_02_beaverhead_underground_workings_ferdinand_lead_mine_argenta_montana_sm.jpg,/objects/thumbs/002_03_02_beaverhead_underground_workings_ferdinand_lead_mine_argenta_montana_th.jpg,Survey Map;Abandoned;
724,bea086,,Ermont,Ermont,,,Map,Map,JCC,Survey Map,Survey of Wellborn Claims,"Surveys over a topographic map with claims including Ermont claims 1-35, Dog Claims, Anaconda mine, Brownell Mine, Mauldin Mine, Jack Rabbit, Ferdinand Mine, and Salgman Smelter.",2/22/1983,Image;StillImage,image/jpeg,MBMG Archives,mbmg217,en,In Copyright,https://rightsstatements.org/page/InC-EDU/1.0/?language=en,image,/objects/002_03_03_Beaverhead_Survey_Topographic_Welborn_Claims_J_C_C_1983.jpg,/objects/small/002_03_03_beaverhead_survey_topographic_welborn_claims_j_c_c_1983_sm.jpg,/objects/thumbs/002_03_03_beaverhead_survey_topographic_welborn_claims_j_c_c_1983_th.jpg,Abandoned
756,bea088,,Iron Mountain,Argenta,,,Map,Map,George R. Metlen,Survey Map,Montana Mining District,"Surveys including buildings of Montana Mining District, these surveys include Leap Year, Spring, Rena, Reform, Golden Era, Gov Tilden, Florida, Tuscarora, Wooley, Burleigh, St. Joseph, Fraction, Fraction Placer, Argenta, Gladstone, Midnight, Silverlight, Stapelton, Old Legal Tender, Spanish, Annie Placer, Grand View, Gold Smith, Wind Up, Iron Mountain, Little Iron Mountain, Captain Jim, Daylight, Copper Blossom, Iron Hat, Rittenhouse, Anaconda, Bronell, Louis Philip, Copper Bell, Cold Day, M and M, Jack Rabbit, Emerald, Three Times Winner, Norma, East end, Magnolia, Big Paymaster, Bella, Ferdinand, Big Jumbo, Kelly Placer",1/1/1924,Image;StillImage,image/jpeg,MBMG Archives,mbmg217,en,In Copyright,https://rightsstatements.org/page/InC-EDU/1.0/?language=en,image,/objects/002_03_04_Beaverhead_Survey_Montana_Mining_District_G_Metlen_1924.jpg,/objects/small/002_03_04_beaverhead_survey_montana_mining_district_g_metlen_1924_sm.jpg,/objects/thumbs/002_03_04_beaverhead_survey_montana_mining_district_g_metlen_1924_th.jpg,Abandoned
762,bea089,,Iron Age,Blue Wing,,,Map,Map,Barker and Wilson Co,Survey Map,"Mining Claims in Bannack, Blue Wing, and Argenta Mining Districts","Surveys across three mining districts west of Dillon with Rattlesnake Creek, Taylor Creek, and Beaverhead River. The surevys on this map include Leap Year, Spring, Rena, Reform, Golden Era, Gov Tilden, Florida, Tuscarora, Wooley, Burleigh, St. Joseph, Fraction, Fraction Placer, Argenta, Gladstone, Midnight, Silverlight, Stapelton, Old Legal Tender, Spanish, Annie Placer, Grand View, Gold Smith, Wind Up, Iron Mountain, Little Iron Mountain, Captain Jim, Daylight, Copper Blossom, Iron Hat, Rittenhouse, Anaconda, Bronell, Louis Philip, Copper Bell, Cold Day, M and M, Jack Rabbit, Emerald, Three Times Winner, Norma, East end, Magnolia, Big Paymaster, Bella, Ferdinand, Big Jumbo, Kelly Placer, Comstock, Cable, Capital, Alice, Faithful, Artic, Silver Buckle, Silver Belt, Quebec, Bare Hill, Isabella, Francis H, Maltby S, Delmonte, Bonaparte, Shield, Iron Age, Protection, Guardian, Director, Signal, Queen Sabbe, Cliff, Mother, Wheal Ruse, Bismark, Iron Mask, Edith, Nettie, E. M. Wilson, Randall, Bernice, Bob Ingarsoll, Upper Grasshopper, Hope Placer, Fink and Jno F. Mead, Curtis, Anniversary, Beaverhead, Blue Grass, Gold Bug, Hendricks, Suffield, Pioneer, Senator, Arcata, Wallace, Junction, Springfield, Free Silver, French, South Side Placer, Excelsior, Jinnies Bar Placer, Wadams, Last Chance, Horace, Swartz, Montana, Empire, Bannack, Surry, Ban Accord, Whiteâ€™s Bar Placer, P. J. Kelly Placer, Cope Placer, Edgerton Placer, Barrettes Rock Quarry Placer, Quarry Spur Placer, Dillon Stone Quarry Placer, Silver Bow Quarry Placer, Beaverhead Co. Stone Quarry, and Grayling Quarry Placer.",3/8/1921,Image;StillImage,image/jpeg,MBMG Archives,mbmg217,en,No Copyright,https://rightsstatements.org/page/NoC-US/1.0/?language=en,image,/objects/002_03_05_Beaverhead_Survey_Bannack_Blue_Wing_and_Argenta_Districts_Claims_1921.jpg,/objects/small/002_03_05_beaverhead_survey_bannack_blue_wing_and_argenta_districts_claims_1921_sm.jpg,/objects/thumbs/002_03_05_beaverhead_survey_bannack_blue_wing_and_argenta_districts_claims_1921_th.jpg,Abandoned
764,bea090,,Iron Age,Blue Wing,,,Map,Map,Barker and Wilson Co,Survey Map,"Mining Claims in Bannack, Blue Wing, and Argenta Mining Districts","Updated from the 1921 map, Surveys included in this are Leap Year, Spring, Rena, Reform, Golden Era, Gov Tilden, Florida, Tuscarora, Wooley, Burleigh, St. Joseph, Fraction, Fraction Placer, Argenta, Gladstone, Midnight, Silverlight, Stapelton, Old Legal Tender, Spanish, Annie Placer, Grand View, Gold Smith, Wind Up, Iron Mountain, Little Iron Mountain, Captain Jim, Daylight, Copper Blossom, Iron Hat, Rittenhouse, Anaconda, Bronell, Louis Philip, Copper Bell, Cold Day, M and M, Jack Rabbit, Emerald, Three Times Winner, Norma, East end, Magnolia, Big Paymaster, Bella, Ferdinand, Big Jumbo, Kelly Placer, Comstock, Cable, Capital, Alice, Faithful, Artic, Silver Buckle, Silver Belt, Quebec, Bare Hill, Isabella, Francis H, Maltby S, Delmonte, Bonaparte, Shield, Iron Age, Protection, Guardian, Director, Signal, Queen Sabbe, Cliff, Mother, Wheal Ruse, Bismark, Iron Mask, Edith, Nettie, E. M. Wilson, Randall, Bernice, Bob Ingarsoll, Upper Grasshopper, Hope Placer, Fink and Jno F. Mead, Curtis, Anniversary, Beaverhead, Blue Grass, Gold Bug, Hendricks, Suffield, Pioneer, Senator, Arcata, Wallace, Junction, Springfield, Free Silver, French, South Side Placer, Excelsior, Jinnies Bar Placer, Wadams, Last Chance, Horace, Swartz, Montana, Empire, Bannack, Surry, Ban Accord, Whiteâ€™s Bar Placer, P. J. Kelly Placer, Cope Placer, Edgerton Placer, Barrettes Rock Quarry Placer, Quarry Spur Placer, Dillon Stone Quarry Placer, Silver Bow Quarry Placer, Beaverhead Co. Stone Quarry, Grayling Quarry Placer, Hunter, Amaranth, Robert Burns, Sir Walter Scott, Thistle, Catherine Placer, Catherine Placer No 2, Catherine No 3, and Gold Field Placer",10/23/1934,Image;StillImage,image/jpeg,MBMG Archives,mbmg217,en,In Copyright,https://rightsstatements.org/page/InC-EDU/1.0/?language=en,image,/objects/002_03_06_Beaverhead_Survey_Bannack_Blue_Wing_and_Argenta_Districts_Claims_1926_1934.jpg,/objects/small/002_03_06_beaverhead_survey_bannack_blue_wing_and_argenta_districts_claims_1926_1934_sm.jpg,/objects/thumbs/002_03_06_beaverhead_survey_bannack_blue_wing_and_argenta_districts_claims_1926_1934_th.jpg,Abandoned
725,bea087,,Ermont,Ermont,,,Map,Map,DLF,Drill Hole Map,Drill Hole Location of Ermont Mine,Dill Holes and surface geology of Ermont Mine created by Cyprus Exploration Company,1/1/1977,Image;StillImage,image/jpeg,MBMG Archives,mbmg217,en,In Copyright,https://rightsstatements.org/page/InC-EDU/1.0/?language=en,image,/objects/002_03_07_Beaverhead_Location_Drill_Holes_Surface_Geology_Ermont_Mine_DLF_1977.jpg,/objects/small/002_03_07_beaverhead_location_drill_holes_surface_geology_ermont_mine_dlf_1977_sm.jpg,/objects/thumbs/002_03_07_beaverhead_location_drill_holes_surface_geology_ermont_mine_dlf_1977_th.jpg,Abandoned
765,bea091,,Ermont,Ermont,,,Map,Map,C.L.C.,Survey Map,Big West Resources Inc. Surveys,"Topographic map showing surveys Ermont 1- 34, West Ermont, North Ermont 1-4, R.M.F 1-6, Major 1-8, Dorothy 1-2, Cloud Burst 1-2, Gold Belt 1-12, King 1-5, Horn Silver 1-3 owned by Big West Property. Other claims include Old Legal Tender Lode, Spanish Lode, Argenta Lode, Gladstone, Argenta, Midnight, Tuscarora, Gov Tilden, Rena, Golden Era and Annie Placer.",4/17/1969,Image;StillImage,image/jpeg,MBMG Archives,mbmg217,en,In Copyright,https://rightsstatements.org/page/InC-EDU/1.0/?language=en,image,/objects/002_03_08_Beaverhead_Topographic_Survey_Argenta_Properties_Big_West_Resources_1969.jpg,/objects/small/002_03_08_beaverhead_topographic_survey_argenta_properties_big_west_resources_1969_sm.jpg,/objects/thumbs/002_03_08_beaverhead_topographic_survey_argenta_properties_big_west_resources_1969_th.jpg,Topographic Map;Abandoned;
766,bea092,,Ermont,Ermont,,,Map,Map,D. A. Robbins,Drill Hole Map,Ermont Mine Drill Hole Locations,Topographic map with surface workings and elevations created by Gold Overland Corps. Map 4,1/14/1985,Image;StillImage,image/jpeg,MBMG Archives,mbmg217,en,In Copyright,https://rightsstatements.org/page/InC-EDU/1.0/?language=en,image,/objects/002_03_09_Beaverhead_Location_Drill_Hole_Map_Ermont_Mine_Area_Map_4_DA_Robbins_1985.jpg,/objects/small/002_03_09_beaverhead_location_drill_hole_map_ermont_mine_area_map_4_da_robbins_1985_sm.jpg,/objects/thumbs/002_03_09_beaverhead_location_drill_hole_map_ermont_mine_area_map_4_da_robbins_1985_th.jpg,Abandoned
767,bea093,,Ermont,Ermont,,,Map,Map,D. A. Robbins,Drill Hole Map,Ermont Mine Summary and Ore Reserve ,Overlade over a topographic and drill hole map ore reserves and samples are marked in yellow.,1/15/1985,Image;StillImage,image/jpeg,MBMG Archives,mbmg217,en,In Copyright,https://rightsstatements.org/page/InC-EDU/1.0/?language=en,image,/objects/002_03_10_Beaverhead_Location_Summary_and_Ore_Reserve_Map_Ermont_Mine_Area_Map_5_1985.jpg,/objects/small/002_03_10_beaverhead_location_summary_and_ore_reserve_map_ermont_mine_area_map_5_1985_sm.jpg,/objects/thumbs/002_03_10_beaverhead_location_summary_and_ore_reserve_map_ermont_mine_area_map_5_1985_th.jpg,Abandoned
768,bea094,,Ermont,Ermont,,,Map,Map,C. H. Steele,Cross Section,Cross Section A-A' of Ermont Mine,"Looking N 18 degrees east with multiple drill holes, tunnels, and geology.",2/2/1936,Image;StillImage,image/jpeg,MBMG Archives,mbmg217,en,In Copyright,https://rightsstatements.org/page/InC-EDU/1.0/?language=en,image,/objects/002_04_01_01_Beaverhead_Cross_Section_A_A_Ermont_Mine.jpg,/objects/small/002_04_01_01_beaverhead_cross_section_a_a_ermont_mine_sm.jpg,/objects/thumbs/002_04_01_01_beaverhead_cross_section_a_a_ermont_mine_th.jpg,Abandoned
769,bea095,,Ermont,Ermont,,,Map,Map,C. H. Steele,Cross Section,Cross Section X-X' of Ermont Mine,"Looking N 45 east showing surface, geology and shafts. Map 6",2/1/1936,Image;StillImage,image/jpeg,MBMG Archives,mbmg217,en,In Copyright,https://rightsstatements.org/page/InC-EDU/1.0/?language=en,image,/objects/002_04_01_02_Beaverhead_Cross_Section_X_X_Ermont_Mine.jpg,/objects/small/002_04_01_02_beaverhead_cross_section_x_x_ermont_mine_sm.jpg,/objects/thumbs/002_04_01_02_beaverhead_cross_section_x_x_ermont_mine_th.jpg,Abandoned
772,bea098,,Ermont,Ermont,,,Map,Map,,Cross Section,Ermont Cross Section of Development and Ore Blocks,Assay information following incline No. 2 and ore body no. 2 with andesite.,,Image;StillImage,image/jpeg,MBMG Archives,mbmg217,en,In Copyright,https://rightsstatements.org/page/InC-EDU/1.0/?language=en,image,/objects/002_04_01_03_Beaverhead_Maine_Claims_Ermont_Mine_Area.jpg,/objects/small/002_04_01_03_beaverhead_maine_claims_ermont_mine_area_sm.jpg,/objects/thumbs/002_04_01_03_beaverhead_maine_claims_ermont_mine_area_th.jpg,Abandoned
773,bea099,,Ermont,Ermont,,,Map,Map,,Cross Section,Plan of Levels of Ermont Stagg,Measurements of ore with a cross section along A-B and a Longitudinal Section along C-D,,Image;StillImage,image/jpeg,MBMG Archives,mbmg217,en,In Copyright,https://rightsstatements.org/page/InC-EDU/1.0/?language=en,image,/objects/002_04_02_Beaverhead_Plan_of_Levels_Ermont_Stagg.jpg,/objects/small/002_04_02_beaverhead_plan_of_levels_ermont_stagg_sm.jpg,/objects/thumbs/002_04_02_beaverhead_plan_of_levels_ermont_stagg_th.jpg,Abandoned
