filename,object_location,image_small,image_thumb
001_02_01_Beaverhead_Location_T9_10S_R14W_Silver_Bow_Night_Owl_Baltic.jpg,/objects/001_02_01_Beaverhead_Location_T9_10S_R14W_Silver_Bow_Night_Owl_Baltic.jpg,/objects/small/001_02_01_beaverhead_location_t9_10s_r14w_silver_bow_night_owl_baltic_sm.jpg,/objects/thumbs/001_02_01_beaverhead_location_t9_10s_r14w_silver_bow_night_owl_baltic_th.jpg
001_02_02_Beaverhead_Location_Survey_9273_Silver_Bow_Night_Owl_Baltic.jpg,/objects/001_02_02_Beaverhead_Location_Survey_9273_Silver_Bow_Night_Owl_Baltic.jpg,/objects/small/001_02_02_beaverhead_location_survey_9273_silver_bow_night_owl_baltic_sm.jpg,/objects/thumbs/001_02_02_beaverhead_location_survey_9273_silver_bow_night_owl_baltic_th.jpg
001_02_03_Beaverhead_Location_Saginaw_Lode_Survey_9860_1915_Page_1.jpg,/objects/001_02_03_Beaverhead_Location_Saginaw_Lode_Survey_9860_1915_Page_1.jpg,/objects/small/001_02_03_beaverhead_location_saginaw_lode_survey_9860_1915_page_1_sm.jpg,/objects/thumbs/001_02_03_beaverhead_location_saginaw_lode_survey_9860_1915_page_1_th.jpg
001_02_04_Beaverhead_Location_Fract_T7S_R15W_US_Mineral_Monument_9860_R_F_Scott_1915.jpg,/objects/001_02_04_Beaverhead_Location_Fract_T7S_R15W_US_Mineral_Monument_9860_R_F_Scott_1915.jpg,/objects/small/001_02_04_beaverhead_location_fract_t7s_r15w_us_mineral_monument_9860_r_f_scott_1915_sm.jpg,/objects/thumbs/001_02_04_beaverhead_location_fract_t7s_r15w_us_mineral_monument_9860_r_f_scott_1915_th.jpg
001_02_06_Beaverhead_Location_Plat_Survey_9847_E_J_Ripley_1917.jpg,/objects/001_02_06_Beaverhead_Location_Plat_Survey_9847_E_J_Ripley_1917.jpg,/objects/small/001_02_06_beaverhead_location_plat_survey_9847_e_j_ripley_1917_sm.jpg,/objects/thumbs/001_02_06_beaverhead_location_plat_survey_9847_e_j_ripley_1917_th.jpg
001_03_02_Beaverhead_Location_Carroll_Placer_Survey_4042_Melrose_District_T1S_R10W.jpg,/objects/001_03_02_Beaverhead_Location_Carroll_Placer_Survey_4042_Melrose_District_T1S_R10W.jpg,/objects/small/001_03_02_beaverhead_location_carroll_placer_survey_4042_melrose_district_t1s_r10w_sm.jpg,/objects/thumbs/001_03_02_beaverhead_location_carroll_placer_survey_4042_melrose_district_t1s_r10w_th.jpg
001_03_03_Beaverhead_Location_Carroll_Placer_Survey_4042.jpg,/objects/001_03_03_Beaverhead_Location_Carroll_Placer_Survey_4042.jpg,/objects/small/001_03_03_beaverhead_location_carroll_placer_survey_4042_sm.jpg,/objects/thumbs/001_03_03_beaverhead_location_carroll_placer_survey_4042_th.jpg
001_03_07_Beaverhead_Underground_Cross_Sec_North_Half_Proposed_Exploration_Hand_Mine_1955.jpg,/objects/001_03_07_Beaverhead_Underground_Cross_Sec_North_Half_Proposed_Exploration_Hand_Mine_1955.jpg,/objects/small/001_03_07_beaverhead_underground_cross_sec_north_half_proposed_exploration_hand_mine_1955_sm.jpg,/objects/thumbs/001_03_07_beaverhead_underground_cross_sec_north_half_proposed_exploration_hand_mine_1955_th.jpg
001_03_08_Beaverhead_Hand_Mine_Geochem_Argenta_District_Surface_and_Underground_1969.jpg,/objects/001_03_08_Beaverhead_Hand_Mine_Geochem_Argenta_District_Surface_and_Underground_1969.jpg,/objects/small/001_03_08_beaverhead_hand_mine_geochem_argenta_district_surface_and_underground_1969_sm.jpg,/objects/thumbs/001_03_08_beaverhead_hand_mine_geochem_argenta_district_surface_and_underground_1969_th.jpg
001_03_09_Beaverhead_Assay_Underground_Composite_Producing_Structures_Hand_Mind_1966.jpg,/objects/001_03_09_Beaverhead_Assay_Underground_Composite_Producing_Structures_Hand_Mind_1966.jpg,/objects/small/001_03_09_beaverhead_assay_underground_composite_producing_structures_hand_mind_1966_sm.jpg,/objects/thumbs/001_03_09_beaverhead_assay_underground_composite_producing_structures_hand_mind_1966_th.jpg
001_03_10_Maps_Assay_Mauldin_Mine_Argenta_B_Hand.jpg,/objects/001_03_10_Maps_Assay_Mauldin_Mine_Argenta_B_Hand.jpg,/objects/small/001_03_10_maps_assay_mauldin_mine_argenta_b_hand_sm.jpg,/objects/thumbs/001_03_10_maps_assay_mauldin_mine_argenta_b_hand_th.jpg
001_04_01_Beaverhead_Hand_Mine_Longitudinal_Section_4_Vein_1966.jpg,/objects/001_04_01_Beaverhead_Hand_Mine_Longitudinal_Section_4_Vein_1966.jpg,/objects/small/001_04_01_beaverhead_hand_mine_longitudinal_section_4_vein_1966_sm.jpg,/objects/thumbs/001_04_01_beaverhead_hand_mine_longitudinal_section_4_vein_1966_th.jpg
001_04_02_Beaverhead_Hand_Mine_Longitudinal_Section_7_Vein_1966.jpg,/objects/001_04_02_Beaverhead_Hand_Mine_Longitudinal_Section_7_Vein_1966.jpg,/objects/small/001_04_02_beaverhead_hand_mine_longitudinal_section_7_vein_1966_sm.jpg,/objects/thumbs/001_04_02_beaverhead_hand_mine_longitudinal_section_7_vein_1966_th.jpg
001_04_03_Beaverhead_Hand_Mine_Longitudinal_Section_11_Vein_1966.jpg,/objects/001_04_03_Beaverhead_Hand_Mine_Longitudinal_Section_11_Vein_1966.jpg,/objects/small/001_04_03_beaverhead_hand_mine_longitudinal_section_11_vein_1966_sm.jpg,/objects/thumbs/001_04_03_beaverhead_hand_mine_longitudinal_section_11_vein_1966_th.jpg
001_04_04_Beaverhead_Hand_Mine_Longitudinal_Section_15_Vein_1966.jpg,/objects/001_04_04_Beaverhead_Hand_Mine_Longitudinal_Section_15_Vein_1966.jpg,/objects/small/001_04_04_beaverhead_hand_mine_longitudinal_section_15_vein_1966_sm.jpg,/objects/thumbs/001_04_04_beaverhead_hand_mine_longitudinal_section_15_vein_1966_th.jpg
001_04_05_Beaverhead_Ajax_Mine_Survey_Ajax_District.jpg,/objects/001_04_05_Beaverhead_Ajax_Mine_Survey_Ajax_District.jpg,/objects/small/001_04_05_beaverhead_ajax_mine_survey_ajax_district_sm.jpg,/objects/thumbs/001_04_05_beaverhead_ajax_mine_survey_ajax_district_th.jpg
001_04_06_Beaverhead_Ajax_Mine_Underground_Ajax_District.jpg,/objects/001_04_06_Beaverhead_Ajax_Mine_Underground_Ajax_District.jpg,/objects/small/001_04_06_beaverhead_ajax_mine_underground_ajax_district_sm.jpg,/objects/thumbs/001_04_06_beaverhead_ajax_mine_underground_ajax_district_th.jpg
001_04_07_Beaverhead_Ajax_Mine_Underground_Level_583.jpg,/objects/001_04_07_Beaverhead_Ajax_Mine_Underground_Level_583.jpg,/objects/small/001_04_07_beaverhead_ajax_mine_underground_level_583_sm.jpg,/objects/thumbs/001_04_07_beaverhead_ajax_mine_underground_level_583_th.jpg
001_04_08_Beaverhead_Ajax_Mine_Underground_Elevation_6105.jpg,/objects/001_04_08_Beaverhead_Ajax_Mine_Underground_Elevation_6105.jpg,/objects/small/001_04_08_beaverhead_ajax_mine_underground_elevation_6105_sm.jpg,/objects/thumbs/001_04_08_beaverhead_ajax_mine_underground_elevation_6105_th.jpg
001_04_09_Beaverhead_Ajax_Mine_Underground_Elevation_6497.jpg,/objects/001_04_09_Beaverhead_Ajax_Mine_Underground_Elevation_6497.jpg,/objects/small/001_04_09_beaverhead_ajax_mine_underground_elevation_6497_sm.jpg,/objects/thumbs/001_04_09_beaverhead_ajax_mine_underground_elevation_6497_th.jpg
001_04_10_Maps_Ajax_Mine_Underground_Thomson_300_Elevation_6420.jpg,/objects/001_04_10_Maps_Ajax_Mine_Underground_Thomson_300_Elevation_6420.jpg,/objects/small/001_04_10_maps_ajax_mine_underground_thomson_300_elevation_6420_sm.jpg,/objects/thumbs/001_04_10_maps_ajax_mine_underground_thomson_300_elevation_6420_th.jpg
001_05_01_Beaverhead_Hand_Mine_Geochem_Travers_K_T_B_1968.jpg,/objects/001_05_01_Beaverhead_Hand_Mine_Geochem_Travers_K_T_B_1968.jpg,/objects/small/001_05_01_beaverhead_hand_mine_geochem_travers_k_t_b_1968_sm.jpg,/objects/thumbs/001_05_01_beaverhead_hand_mine_geochem_travers_k_t_b_1968_th.jpg
001_05_05_Beaverhead_Hand_Mine_Level_5885_Geochemical_Traverse_Page_1.jpg,/objects/001_05_05_Beaverhead_Hand_Mine_Level_5885_Geochemical_Traverse_Page_1.jpg,/objects/small/001_05_05_beaverhead_hand_mine_level_5885_geochemical_traverse_page_1_sm.jpg,/objects/thumbs/001_05_05_beaverhead_hand_mine_level_5885_geochemical_traverse_page_1_th.jpg
001_05_06_Beaverhead_Hand_Mine_Level_5885_Geochemical_Traverse_Page_2.jpg,/objects/001_05_06_Beaverhead_Hand_Mine_Level_5885_Geochemical_Traverse_Page_2.jpg,/objects/small/001_05_06_beaverhead_hand_mine_level_5885_geochemical_traverse_page_2_sm.jpg,/objects/thumbs/001_05_06_beaverhead_hand_mine_level_5885_geochemical_traverse_page_2_th.jpg
001_05_07_01_Beaverhead_Hand_Mine_General_Land_Package_and_Geochem.jpg,/objects/001_05_07_01_Beaverhead_Hand_Mine_General_Land_Package_and_Geochem.jpg,/objects/small/001_05_07_01_beaverhead_hand_mine_general_land_package_and_geochem_sm.jpg,/objects/thumbs/001_05_07_01_beaverhead_hand_mine_general_land_package_and_geochem_th.jpg
001_05_07_02_Beaverhead_Hand_Mine_Areomagnetic_Survey.jpg,/objects/001_05_07_02_Beaverhead_Hand_Mine_Areomagnetic_Survey.jpg,/objects/small/001_05_07_02_beaverhead_hand_mine_areomagnetic_survey_sm.jpg,/objects/thumbs/001_05_07_02_beaverhead_hand_mine_areomagnetic_survey_th.jpg
001_05_07_03_Beaverhead_Geologic-Mine_of_Argenta.jpg,/objects/001_05_07_03_Beaverhead_Geologic-Mine_of_Argenta.jpg,/objects/small/001_05_07_03_beaverhead_geologic-mine_of_argenta_sm.jpg,/objects/thumbs/001_05_07_03_beaverhead_geologic-mine_of_argenta_th.jpg
001_05_07_04_Beaverhead_Dipole_Dipole_Array.jpg,/objects/001_05_07_04_Beaverhead_Dipole_Dipole_Array.jpg,/objects/small/001_05_07_04_beaverhead_dipole_dipole_array_sm.jpg,/objects/thumbs/001_05_07_04_beaverhead_dipole_dipole_array_th.jpg
001_05_07_05_Beaverhead_CSM_Geology_Map.jpg,/objects/001_05_07_05_Beaverhead_CSM_Geology_Map.jpg,/objects/small/001_05_07_05_beaverhead_csm_geology_map_sm.jpg,/objects/thumbs/001_05_07_05_beaverhead_csm_geology_map_th.jpg
001_05_07_06_Beaverhead_Sampling_Hand_Mine_Campbell_and_Iron_Tunnels_Elevation_5920_1978.jpg,/objects/001_05_07_06_Beaverhead_Sampling_Hand_Mine_Campbell_and_Iron_Tunnels_Elevation_5920_1978.jpg,/objects/small/001_05_07_06_beaverhead_sampling_hand_mine_campbell_and_iron_tunnels_elevation_5920_1978_sm.jpg,/objects/thumbs/001_05_07_06_beaverhead_sampling_hand_mine_campbell_and_iron_tunnels_elevation_5920_1978_th.jpg
001_05_07_07_Beaverhead_Assay_Plan_Map_5885_Level.jpg,/objects/001_05_07_07_Beaverhead_Assay_Plan_Map_5885_Level.jpg,/objects/small/001_05_07_07_beaverhead_assay_plan_map_5885_level_sm.jpg,/objects/thumbs/001_05_07_07_beaverhead_assay_plan_map_5885_level_th.jpg
001_05_07_08_Beaverhead_Dipole_Dipole_Array_Geochem_Plan_Map.jpg,/objects/001_05_07_08_Beaverhead_Dipole_Dipole_Array_Geochem_Plan_Map.jpg,/objects/small/001_05_07_08_beaverhead_dipole_dipole_array_geochem_plan_map_sm.jpg,/objects/thumbs/001_05_07_08_beaverhead_dipole_dipole_array_geochem_plan_map_th.jpg
001_05_08_Beaverhead_Assay_Hand_Mine_Haulage_Land_Elevation_6355_1970.jpg,/objects/001_05_08_Beaverhead_Assay_Hand_Mine_Haulage_Land_Elevation_6355_1970.jpg,/objects/small/001_05_08_beaverhead_assay_hand_mine_haulage_land_elevation_6355_1970_sm.jpg,/objects/thumbs/001_05_08_beaverhead_assay_hand_mine_haulage_land_elevation_6355_1970_th.jpg
001_05_09_Maps_Survey_2485_Argenta_J_Hand.jpg,/objects/001_05_09_Maps_Survey_2485_Argenta_J_Hand.jpg,/objects/small/001_05_09_maps_survey_2485_argenta_j_hand_sm.jpg,/objects/thumbs/001_05_09_maps_survey_2485_argenta_j_hand_th.jpg
001_06_02_Beaverhead_Underground_Geologic_Plan_5885_Level_Hand_Mine.jpg,/objects/001_06_02_Beaverhead_Underground_Geologic_Plan_5885_Level_Hand_Mine.jpg,/objects/small/001_06_02_beaverhead_underground_geologic_plan_5885_level_hand_mine_sm.jpg,/objects/thumbs/001_06_02_beaverhead_underground_geologic_plan_5885_level_hand_mine_th.jpg
001_06_05_Beaverhead_Underground_Exploration_Development_Hand_Mine_5700_Level_1963.jpg,/objects/001_06_05_Beaverhead_Underground_Exploration_Development_Hand_Mine_5700_Level_1963.jpg,/objects/small/001_06_05_beaverhead_underground_exploration_development_hand_mine_5700_level_1963_sm.jpg,/objects/thumbs/001_06_05_beaverhead_underground_exploration_development_hand_mine_5700_level_1963_th.jpg
001_06_06_Beaverhead_Shafer_Manganese_Prop_Plan_of_Discovery.jpg,/objects/001_06_06_Beaverhead_Shafer_Manganese_Prop_Plan_of_Discovery.jpg,/objects/small/001_06_06_beaverhead_shafer_manganese_prop_plan_of_discovery_sm.jpg,/objects/thumbs/001_06_06_beaverhead_shafer_manganese_prop_plan_of_discovery_th.jpg
001_06_07_Beaverhead_Underground_Cross_Section_N54440_Hand_Mine.jpg,/objects/001_06_07_Beaverhead_Underground_Cross_Section_N54440_Hand_Mine.jpg,/objects/small/001_06_07_beaverhead_underground_cross_section_n54440_hand_mine_sm.jpg,/objects/thumbs/001_06_07_beaverhead_underground_cross_section_n54440_hand_mine_th.jpg
001_06_08_Beaverhead_Underground_Plan_5806_Level_Hand_Mine.jpg,/objects/001_06_08_Beaverhead_Underground_Plan_5806_Level_Hand_Mine.jpg,/objects/small/001_06_08_beaverhead_underground_plan_5806_level_hand_mine_sm.jpg,/objects/thumbs/001_06_08_beaverhead_underground_plan_5806_level_hand_mine_th.jpg
001_06_09_Beaverhead_Underground_Cross_Sec_7Vn_Wz_Hand_Mine_K_S_Harness.jpg,/objects/001_06_09_Beaverhead_Underground_Cross_Sec_7Vn_Wz_Hand_Mine_K_S_Harness.jpg,/objects/small/001_06_09_beaverhead_underground_cross_sec_7vn_wz_hand_mine_k_s_harness_sm.jpg,/objects/thumbs/001_06_09_beaverhead_underground_cross_sec_7vn_wz_hand_mine_k_s_harness_th.jpg
001_06_10_Beaverhead_Long_Sec_BVn_NW_Hand_Mine.jpg,/objects/001_06_10_Beaverhead_Long_Sec_BVn_NW_Hand_Mine.jpg,/objects/small/001_06_10_beaverhead_long_sec_bvn_nw_hand_mine_sm.jpg,/objects/thumbs/001_06_10_beaverhead_long_sec_bvn_nw_hand_mine_th.jpg
001_07_01_Beaverhead_Underground_Cross_Sec_5Vn_Hand_Mine.jpg,/objects/001_07_01_Beaverhead_Underground_Cross_Sec_5Vn_Hand_Mine.jpg,/objects/small/001_07_01_beaverhead_underground_cross_sec_5vn_hand_mine_sm.jpg,/objects/thumbs/001_07_01_beaverhead_underground_cross_sec_5vn_hand_mine_th.jpg
001_07_02_Beaverhead_Underground_Cross_Long_Sec_4Vn_Hand_Mine.jpg,/objects/001_07_02_Beaverhead_Underground_Cross_Long_Sec_4Vn_Hand_Mine.jpg,/objects/small/001_07_02_beaverhead_underground_cross_long_sec_4vn_hand_mine_sm.jpg,/objects/thumbs/001_07_02_beaverhead_underground_cross_long_sec_4vn_hand_mine_th.jpg
001_07_03_Beaverhead_Underground_Cross_Sec_54617_Hand_Mine.jpg,/objects/001_07_03_Beaverhead_Underground_Cross_Sec_54617_Hand_Mine.jpg,/objects/small/001_07_03_beaverhead_underground_cross_sec_54617_hand_mine_sm.jpg,/objects/thumbs/001_07_03_beaverhead_underground_cross_sec_54617_hand_mine_th.jpg
001_07_04_Beaverhead_Underground_Cross_Long_Sec_8Vn_Hand_Mine.jpg,/objects/001_07_04_Beaverhead_Underground_Cross_Long_Sec_8Vn_Hand_Mine.jpg,/objects/small/001_07_04_beaverhead_underground_cross_long_sec_8vn_hand_mine_sm.jpg,/objects/thumbs/001_07_04_beaverhead_underground_cross_long_sec_8vn_hand_mine_th.jpg
001_07_05_Beaverhead_Underground_Cross_Long_Sec_6Vn_Hand_Mine.jpg,/objects/001_07_05_Beaverhead_Underground_Cross_Long_Sec_6Vn_Hand_Mine.jpg,/objects/small/001_07_05_beaverhead_underground_cross_long_sec_6vn_hand_mine_sm.jpg,/objects/thumbs/001_07_05_beaverhead_underground_cross_long_sec_6vn_hand_mine_th.jpg
001_07_06_Beaverhead_Underground_Cross_Long_Sec_10Vn_Hand_Mine.jpg,/objects/001_07_06_Beaverhead_Underground_Cross_Long_Sec_10Vn_Hand_Mine.jpg,/objects/small/001_07_06_beaverhead_underground_cross_long_sec_10vn_hand_mine_sm.jpg,/objects/thumbs/001_07_06_beaverhead_underground_cross_long_sec_10vn_hand_mine_th.jpg
001_07_07_Beaverhead_Underground_Cross_Long_Sec_9Vn_Hand_Mine.jpg,/objects/001_07_07_Beaverhead_Underground_Cross_Long_Sec_9Vn_Hand_Mine.jpg,/objects/small/001_07_07_beaverhead_underground_cross_long_sec_9vn_hand_mine_sm.jpg,/objects/thumbs/001_07_07_beaverhead_underground_cross_long_sec_9vn_hand_mine_th.jpg
001_07_08_Beaverhead_Underground_Cross_Long_Sec_13Vn_Hand_Mine.jpg,/objects/001_07_08_Beaverhead_Underground_Cross_Long_Sec_13Vn_Hand_Mine.jpg,/objects/small/001_07_08_beaverhead_underground_cross_long_sec_13vn_hand_mine_sm.jpg,/objects/thumbs/001_07_08_beaverhead_underground_cross_long_sec_13vn_hand_mine_th.jpg
001_07_09_Beaverhead_Underground_Cross_Long_Sec_11Vn_Hand_Mine.jpg,/objects/001_07_09_Beaverhead_Underground_Cross_Long_Sec_11Vn_Hand_Mine.jpg,/objects/small/001_07_09_beaverhead_underground_cross_long_sec_11vn_hand_mine_sm.jpg,/objects/thumbs/001_07_09_beaverhead_underground_cross_long_sec_11vn_hand_mine_th.jpg
001_07_10_Beaverhead_Underground_Cross_Long_Sec_15Vn_Hand_Mine.jpg,/objects/001_07_10_Beaverhead_Underground_Cross_Long_Sec_15Vn_Hand_Mine.jpg,/objects/small/001_07_10_beaverhead_underground_cross_long_sec_15vn_hand_mine_sm.jpg,/objects/thumbs/001_07_10_beaverhead_underground_cross_long_sec_15vn_hand_mine_th.jpg
001_08_01_Beaverhead_Underground_Cross_Long_Sec_14Vn_Hand_Mine.jpg,/objects/001_08_01_Beaverhead_Underground_Cross_Long_Sec_14Vn_Hand_Mine.jpg,/objects/small/001_08_01_beaverhead_underground_cross_long_sec_14vn_hand_mine_sm.jpg,/objects/thumbs/001_08_01_beaverhead_underground_cross_long_sec_14vn_hand_mine_th.jpg
001_08_02_Beaverhead_Underground_Cross_Long_Sec_7Vn_Hand_Mine_K_S_Harness.jpg,/objects/001_08_02_Beaverhead_Underground_Cross_Long_Sec_7Vn_Hand_Mine_K_S_Harness.jpg,/objects/small/001_08_02_beaverhead_underground_cross_long_sec_7vn_hand_mine_k_s_harness_sm.jpg,/objects/thumbs/001_08_02_beaverhead_underground_cross_long_sec_7vn_hand_mine_k_s_harness_th.jpg
001_08_03_Beaverhead_Underground_Cross_Long_Sec_12Vn_Hand_Mine_K_S_Herness.jpg,/objects/001_08_03_Beaverhead_Underground_Cross_Long_Sec_12Vn_Hand_Mine_K_S_Herness.jpg,/objects/small/001_08_03_beaverhead_underground_cross_long_sec_12vn_hand_mine_k_s_herness_sm.jpg,/objects/thumbs/001_08_03_beaverhead_underground_cross_long_sec_12vn_hand_mine_k_s_herness_th.jpg
001_08_04_Beaverhead_Underground_Cross_Sec_N54270_Hand_Mine_K_S_Herness.jpg,/objects/001_08_04_Beaverhead_Underground_Cross_Sec_N54270_Hand_Mine_K_S_Herness.jpg,/objects/small/001_08_04_beaverhead_underground_cross_sec_n54270_hand_mine_k_s_herness_sm.jpg,/objects/thumbs/001_08_04_beaverhead_underground_cross_sec_n54270_hand_mine_k_s_herness_th.jpg
001_08_05_Beaverhead_Underground_Cross_Sec_N54070_Hand_Mine.jpg,/objects/001_08_05_Beaverhead_Underground_Cross_Sec_N54070_Hand_Mine.jpg,/objects/small/001_08_05_beaverhead_underground_cross_sec_n54070_hand_mine_sm.jpg,/objects/thumbs/001_08_05_beaverhead_underground_cross_sec_n54070_hand_mine_th.jpg
001_08_06_Beaverhead_Underground_Plain_Veiw_5885_Hand_Mine.jpg,/objects/001_08_06_Beaverhead_Underground_Plain_Veiw_5885_Hand_Mine.jpg,/objects/small/001_08_06_beaverhead_underground_plain_veiw_5885_hand_mine_sm.jpg,/objects/thumbs/001_08_06_beaverhead_underground_plain_veiw_5885_hand_mine_th.jpg
001_08_07_Beaverhead_Underground_Cross_Sec_N54291_Hand_Mine_K_S_Herness.jpg,/objects/001_08_07_Beaverhead_Underground_Cross_Sec_N54291_Hand_Mine_K_S_Herness.jpg,/objects/small/001_08_07_beaverhead_underground_cross_sec_n54291_hand_mine_k_s_herness_sm.jpg,/objects/thumbs/001_08_07_beaverhead_underground_cross_sec_n54291_hand_mine_k_s_herness_th.jpg
001_08_08_Beaverhead_Underground_Geologic_Pan_of_5885_Level_Hand_Mine.jpg,/objects/001_08_08_Beaverhead_Underground_Geologic_Pan_of_5885_Level_Hand_Mine.jpg,/objects/small/001_08_08_beaverhead_underground_geologic_pan_of_5885_level_hand_mine_sm.jpg,/objects/thumbs/001_08_08_beaverhead_underground_geologic_pan_of_5885_level_hand_mine_th.jpg
001_08_10_Beaverhead_Underground_Plan_Proprosed_Exploration_5700_Level_Hand_Mine.jpg,/objects/001_08_10_Beaverhead_Underground_Plan_Proprosed_Exploration_5700_Level_Hand_Mine.jpg,/objects/small/001_08_10_beaverhead_underground_plan_proprosed_exploration_5700_level_hand_mine_sm.jpg,/objects/thumbs/001_08_10_beaverhead_underground_plan_proprosed_exploration_5700_level_hand_mine_th.jpg
001_09_01_Beaverhead_Cross_Section_Assay_Map_Polaris_Mine_6775_Level_B_Hand_1975.jpg,/objects/001_09_01_Beaverhead_Cross_Section_Assay_Map_Polaris_Mine_6775_Level_B_Hand_1975.jpg,/objects/small/001_09_01_beaverhead_cross_section_assay_map_polaris_mine_6775_level_b_hand_1975_sm.jpg,/objects/thumbs/001_09_01_beaverhead_cross_section_assay_map_polaris_mine_6775_level_b_hand_1975_th.jpg
001_09_02_Beaverhead_Cross_Section_Polaris_570_Level.jpg,/objects/001_09_02_Beaverhead_Cross_Section_Polaris_570_Level.jpg,/objects/small/001_09_02_beaverhead_cross_section_polaris_570_level_sm.jpg,/objects/thumbs/001_09_02_beaverhead_cross_section_polaris_570_level_th.jpg
001_09_03_Beaverhead_Underground_Workings_Polaris_Mine_H_MacDonald_1918.jpg,/objects/001_09_03_Beaverhead_Underground_Workings_Polaris_Mine_H_MacDonald_1918.jpg,/objects/small/001_09_03_beaverhead_underground_workings_polaris_mine_h_macdonald_1918_sm.jpg,/objects/thumbs/001_09_03_beaverhead_underground_workings_polaris_mine_h_macdonald_1918_th.jpg
001_09_04_Beaverhead_Geologic_Map_260_Foot_Land_Polaris_Mine.jpg,/objects/001_09_04_Beaverhead_Geologic_Map_260_Foot_Land_Polaris_Mine.jpg,/objects/small/001_09_04_beaverhead_geologic_map_260_foot_land_polaris_mine_sm.jpg,/objects/thumbs/001_09_04_beaverhead_geologic_map_260_foot_land_polaris_mine_th.jpg
001_10_01_Beaverhead_Underground_Cross_Section_Golden_Era_Mine_Argenta_District_1936_Plate_2.jpg,/objects/001_10_01_Beaverhead_Underground_Cross_Section_Golden_Era_Mine_Argenta_District_1936_Plate_2.jpg,/objects/small/001_10_01_beaverhead_underground_cross_section_golden_era_mine_argenta_district_1936_plate_2_sm.jpg,/objects/thumbs/001_10_01_beaverhead_underground_cross_section_golden_era_mine_argenta_district_1936_plate_2_th.jpg
001_10_02_Beaverhead_Vertical_Section_Golden_Era_Mine_Plate_4.jpg,/objects/001_10_02_Beaverhead_Vertical_Section_Golden_Era_Mine_Plate_4.jpg,/objects/small/001_10_02_beaverhead_vertical_section_golden_era_mine_plate_4_sm.jpg,/objects/thumbs/001_10_02_beaverhead_vertical_section_golden_era_mine_plate_4_th.jpg
001_10_06_Beaverhead_Underground_Cross_Section_Plan_Map_Map_7_Goldfinch_Mine_Argenta.jpg,/objects/001_10_06_Beaverhead_Underground_Cross_Section_Plan_Map_Map_7_Goldfinch_Mine_Argenta.jpg,/objects/small/001_10_06_beaverhead_underground_cross_section_plan_map_map_7_goldfinch_mine_argenta_sm.jpg,/objects/thumbs/001_10_06_beaverhead_underground_cross_section_plan_map_map_7_goldfinch_mine_argenta_th.jpg
001_10_07_Beaverhead_Underground_Cross_Section_Plan_Map_Goldfinch_Mine_40_to_200_Level_1937.jpg,/objects/001_10_07_Beaverhead_Underground_Cross_Section_Plan_Map_Goldfinch_Mine_40_to_200_Level_1937.jpg,/objects/small/001_10_07_beaverhead_underground_cross_section_plan_map_goldfinch_mine_40_to_200_level_1937_sm.jpg,/objects/thumbs/001_10_07_beaverhead_underground_cross_section_plan_map_goldfinch_mine_40_to_200_level_1937_th.jpg
001_10_09_Beaverhead_Underground_Cross_Section_Longitudinal_Section_with_Assay_1936.jpg,/objects/001_10_09_Beaverhead_Underground_Cross_Section_Longitudinal_Section_with_Assay_1936.jpg,/objects/small/001_10_09_beaverhead_underground_cross_section_longitudinal_section_with_assay_1936_sm.jpg,/objects/thumbs/001_10_09_beaverhead_underground_cross_section_longitudinal_section_with_assay_1936_th.jpg
001_10_10_Beaverhead_Underground_Cross_Section_Polaris_Mine_T5S_R12W_S28_1974.jpg,/objects/001_10_10_Beaverhead_Underground_Cross_Section_Polaris_Mine_T5S_R12W_S28_1974.jpg,/objects/small/001_10_10_beaverhead_underground_cross_section_polaris_mine_t5s_r12w_s28_1974_sm.jpg,/objects/thumbs/001_10_10_beaverhead_underground_cross_section_polaris_mine_t5s_r12w_s28_1974_th.jpg
002_01_01_Beaverhead_Geochemical_Cross_Section_Drift_Golden_Era_Mine_Argenta_1936.jpg,/objects/002_01_01_Beaverhead_Geochemical_Cross_Section_Drift_Golden_Era_Mine_Argenta_1936.jpg,/objects/small/002_01_01_beaverhead_geochemical_cross_section_drift_golden_era_mine_argenta_1936_sm.jpg,/objects/thumbs/002_01_01_beaverhead_geochemical_cross_section_drift_golden_era_mine_argenta_1936_th.jpg
002_01_02_Beaverhead_Underground_Cross_Section_Long_Section_Golden_Era_Mine_1936.jpg,/objects/002_01_02_Beaverhead_Underground_Cross_Section_Long_Section_Golden_Era_Mine_1936.jpg,/objects/small/002_01_02_beaverhead_underground_cross_section_long_section_golden_era_mine_1936_sm.jpg,/objects/thumbs/002_01_02_beaverhead_underground_cross_section_long_section_golden_era_mine_1936_th.jpg
002_01_03_Beaverhead_Survey_Plan_of_Golden_Era_Mine_Argenta_1936.jpg,/objects/002_01_03_Beaverhead_Survey_Plan_of_Golden_Era_Mine_Argenta_1936.jpg,/objects/small/002_01_03_beaverhead_survey_plan_of_golden_era_mine_argenta_1936_sm.jpg,/objects/thumbs/002_01_03_beaverhead_survey_plan_of_golden_era_mine_argenta_1936_th.jpg
002_01_09_Beaverhead__Survey_South_Side_Dolphin_Claim_J_T_Ross.jpg,/objects/002_01_09_Beaverhead__Survey_South_Side_Dolphin_Claim_J_T_Ross.jpg,/objects/small/002_01_09_beaverhead__survey_south_side_dolphin_claim_j_t_ross_sm.jpg,/objects/thumbs/002_01_09_beaverhead__survey_south_side_dolphin_claim_j_t_ross_th.jpg
002_02_01_Beaverhead_Plan_View_Long_Veiw_Goldfinch_Mine_Plate_3.jpg,/objects/002_02_01_Beaverhead_Plan_View_Long_Veiw_Goldfinch_Mine_Plate_3.jpg,/objects/small/002_02_01_beaverhead_plan_view_long_veiw_goldfinch_mine_plate_3_sm.jpg,/objects/thumbs/002_02_01_beaverhead_plan_view_long_veiw_goldfinch_mine_plate_3_th.jpg
002_02_03_Beaverhead_Underground_Workings_Golden_Dawn_Mine_R_McCulloch_1988.jpg,/objects/002_02_03_Beaverhead_Underground_Workings_Golden_Dawn_Mine_R_McCulloch_1988.jpg,/objects/small/002_02_03_beaverhead_underground_workings_golden_dawn_mine_r_mcculloch_1988_sm.jpg,/objects/thumbs/002_02_03_beaverhead_underground_workings_golden_dawn_mine_r_mcculloch_1988_th.jpg
002_02_04_Beaverhead_Surface_Geology_and_Workings_Cross_and_Yelow_Band_Claims_1946.jpg,/objects/002_02_04_Beaverhead_Surface_Geology_and_Workings_Cross_and_Yelow_Band_Claims_1946.jpg,/objects/small/002_02_04_beaverhead_surface_geology_and_workings_cross_and_yelow_band_claims_1946_sm.jpg,/objects/thumbs/002_02_04_beaverhead_surface_geology_and_workings_cross_and_yelow_band_claims_1946_th.jpg
002_02_05_Beaverhead_Underground_Workings_Goldsmith_Mine_Argenta_District.jpg,/objects/002_02_05_Beaverhead_Underground_Workings_Goldsmith_Mine_Argenta_District.jpg,/objects/small/002_02_05_beaverhead_underground_workings_goldsmith_mine_argenta_district_sm.jpg,/objects/thumbs/002_02_05_beaverhead_underground_workings_goldsmith_mine_argenta_district_th.jpg
002_02_08_Beaverhead_Survey_Argenta_Mining_District_G_R_Mellen_1928.jpg,/objects/002_02_08_Beaverhead_Survey_Argenta_Mining_District_G_R_Mellen_1928.jpg,/objects/small/002_02_08_beaverhead_survey_argenta_mining_district_g_r_mellen_1928_sm.jpg,/objects/thumbs/002_02_08_beaverhead_survey_argenta_mining_district_g_r_mellen_1928_th.jpg
002_02_10_Beaverhead_Assay_and_Section_of_Ferdinand_Shaft_134_to_234_foot_Level.jpg,/objects/002_02_10_Beaverhead_Assay_and_Section_of_Ferdinand_Shaft_134_to_234_foot_Level.jpg,/objects/small/002_02_10_beaverhead_assay_and_section_of_ferdinand_shaft_134_to_234_foot_level_sm.jpg,/objects/thumbs/002_02_10_beaverhead_assay_and_section_of_ferdinand_shaft_134_to_234_foot_level_th.jpg
002_03_02_Beaverhead_Underground_Workings_Ferdinand_Lead_Mine_Argenta_Montana.jpg,/objects/002_03_02_Beaverhead_Underground_Workings_Ferdinand_Lead_Mine_Argenta_Montana.jpg,/objects/small/002_03_02_beaverhead_underground_workings_ferdinand_lead_mine_argenta_montana_sm.jpg,/objects/thumbs/002_03_02_beaverhead_underground_workings_ferdinand_lead_mine_argenta_montana_th.jpg
002_03_03_Beaverhead_Survey_Topographic_Welborn_Claims_J_C_C_1983.jpg,/objects/002_03_03_Beaverhead_Survey_Topographic_Welborn_Claims_J_C_C_1983.jpg,/objects/small/002_03_03_beaverhead_survey_topographic_welborn_claims_j_c_c_1983_sm.jpg,/objects/thumbs/002_03_03_beaverhead_survey_topographic_welborn_claims_j_c_c_1983_th.jpg
002_03_04_Beaverhead_Survey_Montana_Mining_District_G_Metlen_1924.jpg,/objects/002_03_04_Beaverhead_Survey_Montana_Mining_District_G_Metlen_1924.jpg,/objects/small/002_03_04_beaverhead_survey_montana_mining_district_g_metlen_1924_sm.jpg,/objects/thumbs/002_03_04_beaverhead_survey_montana_mining_district_g_metlen_1924_th.jpg
002_03_05_Beaverhead_Survey_Bannack_Blue_Wing_and_Argenta_Districts_Claims_1921.jpg,/objects/002_03_05_Beaverhead_Survey_Bannack_Blue_Wing_and_Argenta_Districts_Claims_1921.jpg,/objects/small/002_03_05_beaverhead_survey_bannack_blue_wing_and_argenta_districts_claims_1921_sm.jpg,/objects/thumbs/002_03_05_beaverhead_survey_bannack_blue_wing_and_argenta_districts_claims_1921_th.jpg
002_03_06_Beaverhead_Survey_Bannack_Blue_Wing_and_Argenta_Districts_Claims_1926_1934.jpg,/objects/002_03_06_Beaverhead_Survey_Bannack_Blue_Wing_and_Argenta_Districts_Claims_1926_1934.jpg,/objects/small/002_03_06_beaverhead_survey_bannack_blue_wing_and_argenta_districts_claims_1926_1934_sm.jpg,/objects/thumbs/002_03_06_beaverhead_survey_bannack_blue_wing_and_argenta_districts_claims_1926_1934_th.jpg
002_03_07_Beaverhead_Location_Drill_Holes_Surface_Geology_Ermont_Mine_DLF_1977.jpg,/objects/002_03_07_Beaverhead_Location_Drill_Holes_Surface_Geology_Ermont_Mine_DLF_1977.jpg,/objects/small/002_03_07_beaverhead_location_drill_holes_surface_geology_ermont_mine_dlf_1977_sm.jpg,/objects/thumbs/002_03_07_beaverhead_location_drill_holes_surface_geology_ermont_mine_dlf_1977_th.jpg
002_03_08_Beaverhead_Topographic_Survey_Argenta_Properties_Big_West_Resources_1969.jpg,/objects/002_03_08_Beaverhead_Topographic_Survey_Argenta_Properties_Big_West_Resources_1969.jpg,/objects/small/002_03_08_beaverhead_topographic_survey_argenta_properties_big_west_resources_1969_sm.jpg,/objects/thumbs/002_03_08_beaverhead_topographic_survey_argenta_properties_big_west_resources_1969_th.jpg
002_03_09_Beaverhead_Location_Drill_Hole_Map_Ermont_Mine_Area_Map_4_DA_Robbins_1985.jpg,/objects/002_03_09_Beaverhead_Location_Drill_Hole_Map_Ermont_Mine_Area_Map_4_DA_Robbins_1985.jpg,/objects/small/002_03_09_beaverhead_location_drill_hole_map_ermont_mine_area_map_4_da_robbins_1985_sm.jpg,/objects/thumbs/002_03_09_beaverhead_location_drill_hole_map_ermont_mine_area_map_4_da_robbins_1985_th.jpg
002_03_10_Beaverhead_Location_Summary_and_Ore_Reserve_Map_Ermont_Mine_Area_Map_5_1985.jpg,/objects/002_03_10_Beaverhead_Location_Summary_and_Ore_Reserve_Map_Ermont_Mine_Area_Map_5_1985.jpg,/objects/small/002_03_10_beaverhead_location_summary_and_ore_reserve_map_ermont_mine_area_map_5_1985_sm.jpg,/objects/thumbs/002_03_10_beaverhead_location_summary_and_ore_reserve_map_ermont_mine_area_map_5_1985_th.jpg
002_04_01_01_Beaverhead_Cross_Section_A_A_Ermont_Mine.jpg,/objects/002_04_01_01_Beaverhead_Cross_Section_A_A_Ermont_Mine.jpg,/objects/small/002_04_01_01_beaverhead_cross_section_a_a_ermont_mine_sm.jpg,/objects/thumbs/002_04_01_01_beaverhead_cross_section_a_a_ermont_mine_th.jpg
002_04_01_02_Beaverhead_Cross_Section_X_X_Ermont_Mine.jpg,/objects/002_04_01_02_Beaverhead_Cross_Section_X_X_Ermont_Mine.jpg,/objects/small/002_04_01_02_beaverhead_cross_section_x_x_ermont_mine_sm.jpg,/objects/thumbs/002_04_01_02_beaverhead_cross_section_x_x_ermont_mine_th.jpg
002_04_01_03_Beaverhead_Maine_Claims_Ermont_Mine_Area.jpg,/objects/002_04_01_03_Beaverhead_Maine_Claims_Ermont_Mine_Area.jpg,/objects/small/002_04_01_03_beaverhead_maine_claims_ermont_mine_area_sm.jpg,/objects/thumbs/002_04_01_03_beaverhead_maine_claims_ermont_mine_area_th.jpg
002_04_02_Beaverhead_Plan_of_Levels_Ermont_Stagg.jpg,/objects/002_04_02_Beaverhead_Plan_of_Levels_Ermont_Stagg.jpg,/objects/small/002_04_02_beaverhead_plan_of_levels_ermont_stagg_sm.jpg,/objects/thumbs/002_04_02_beaverhead_plan_of_levels_ermont_stagg_th.jpg
Thumbs.db,/objects/Thumbs.db,,
